record_id,source_index,content,category,ground_truth,optimized_pred,sota_pred,optimized_correct,sota_correct,optimized_prob_negative,sota_prob_negative,optimized_prob_neutral,sota_prob_neutral,optimized_prob_positive,sota_prob_positive
1,34,lapp è meravigliosa vogliamo di nov per nov tent lofferta del 099 pure 3 article con 3 di discount,pricing_discount,Neutral,Neutral,Neutral,1,1,0.07025066675633936,0.013442994801351887,0.883066167437905,0.8609685753496044,0.04668316580575552,0.12558842984904373
2,686,im pretty new user app live tried buying thing however recently purchased item either didst work wrong description even one purchase purchased first transaction didst go purchased sent duplicate receiving item company would not take back hundred dollar hour hour time trying get confirm return stay away,refund_return,Negative,Negative,Negative,1,1,0.9101959397503574,0.8077582361626099,0.03997811324911943,0.18168043141604756,0.04982594700052307,0.010561332421342504
3,663,tried order several item took forever user unfriendly app ever used tried pay whatever reason would n't take card tried use another card completely erased order tried contact ali virtually impossible immediately uninstalled app,app_usability,Negative,Negative,Negative,1,1,0.4180685068490332,0.9189027325329641,0.20871726357302148,0.07727197370578412,0.3732142295779453,0.0038252937612518315
4,547,company responds quickly,other,Positive,Positive,Positive,1,1,0.027149495861300648,0.014718178604848017,0.03105763450090827,0.36989205937872804,0.9417928696377909,0.6153897620164239
5,411,take week order even get shipped done see good reason waiting long,other,Neutral,Neutral,Neutral,1,1,0.07326649393377173,0.43574950098991394,0.8929863223064728,0.4762577712535858,0.03374718375975545,0.08799272775650024
6,306,deleted app many scam dodgy item steal app bit muddled compared main website 2026 let try see thing improved,app_usability,Negative,Negative,Negative,1,1,0.9146703270222019,0.6762247253365057,0.03560133985211779,0.2917112225327984,0.04972833312568038,0.03206405213069586
7,504,no issue site delivery product described good information package,delivery_shipping,Positive,Positive,Positive,1,1,0.03169258116602096,0.013316265095345094,0.02997437789527778,0.16775336277642758,0.9383330409387016,0.8189303721282274
8,775,one worst delivery apps ever seen life done working number contact customer service period 3weeks since placed order yet still nothing guy please not order nothing people take money everything complete scam head,delivery_shipping,Negative,Negative,Negative,1,1,0.9292310520354639,0.9553545308673032,0.05365436373740571,0.04030381223795187,0.017114584227130306,0.0043416568947449545
9,844,exceptional app,app_usability,Positive,Positive,Positive,1,1,0.03389854351263813,0.023592445208385562,0.02856280637052445,0.250201276496755,0.9375386501168375,0.7262062782948594
10,708,never loaded app got hacked,app_usability,Negative,Negative,Negative,1,1,0.9045088572020986,0.6086781552954225,0.04827957707734346,0.37023147526869765,0.04721156572055831,0.02109036943587993
11,133,buyer beware bought lego style brick building kit son time purchase finally started working quality poor even adult assistance toy would fall apart slightest movement even trying add next piece model aliexpress seller mi ya toyneither take responsibility make goodwill refund credit moral story check purchase quality quickly receive,refund_return,Negative,Negative,Negative,1,1,0.9107203806037991,0.714850210955449,0.039419557466206054,0.2592318523688987,0.049860061929994884,0.02591793667565232
12,493,favourite shopping app,app_usability,Positive,Positive,Positive,1,1,0.03223633370861657,0.004020982911937301,0.02972922850133869,0.030289888565320777,0.9380344377900448,0.9656891285227419
13,798,negative expectation app please done download one told free return available done take return send damaged piece,refund_return,Negative,Negative,Neutral,1,0,0.9153798257569515,0.44483859672661413,0.05491275445135828,0.5091552290068635,0.029707419791690084,0.04600617426652236
14,594,problem return item not return back not buy something expensive piece advice money fly any,refund_return,Negative,Negative,Negative,1,1,0.9135338815212861,0.7735144389783795,0.05395340317437659,0.21389900012419746,0.03251271530433734,0.012586560897423086
15,222,package direct come live bean scared what 30 damage what call aliexpress find self warning done buy thing get scared not get package read bean delivered wast money,delivery_shipping,Negative,Negative,Negative,1,1,0.9091979157571399,0.8214744849691773,0.05503637222186484,0.16766923237732406,0.03576571202099542,0.010856282653498668
16,412,pretty good app much faster compared website however besides yield many annoying irrelevant notification charged bank card twice today order without arranging shipping section order silently ignored money charged,delivery_shipping,Negative,Negative,Negative,1,1,0.9170661374379871,0.5332602500882857,0.03342502181538131,0.2439871986502647,0.04950884074663167,0.22275255126144966
17,734,item cost pakistan 10 tax 15 joke item affordable first glance checkout pay least 90 150 item actual value not even funny want like back early 2025 ordered many thing fix shipping im ordering item chinese seller pay 050 upon receiving parcel door aliexpress become big joke maybe use yunexpress,delivery_shipping,Positive,Positive,Neutral,1,0,0.03640769499414622,0.38076485338106314,0.01537556809207424,0.5038768203221804,0.9482167369137797,0.11535832629675645
18,527,excellent,other,Positive,Positive,Positive,1,1,0.02690947751064238,0.006653602266002457,0.031052296414301878,0.04069888610718253,0.9420382260750562,0.952647511626815
19,252,watch builder site,other,Neutral,Neutral,Neutral,1,1,0.1745377550014092,0.019792399359513043,0.6685631286136325,0.8838348800239563,0.15689911638495818,0.09637272061653065
20,7,like app live couple day better survey,app_usability,Positive,Positive,Positive,1,1,0.03210070432221972,0.008295399465559834,0.02979482170180996,0.2548428886777299,0.9381044739759706,0.7368617118567102
21,297,scam vendor,scam_trust,Negative,Negative,Negative,1,1,0.9129014319816936,0.6886958191705861,0.05355127090465795,0.2954603565690081,0.03354729711364848,0.01584382426040579
22,42,ordering nigeria know one way trip item damaged wont able return live lost serious money almost 100k one seller sent ambled display doe n't work platform doe n't realistic return logistics nigeria like temp take risk go ahead,refund_return,Neutral,Neutral,Negative,1,0,0.06794103299377086,0.883685009661636,0.8818827741867615,0.11074235501719479,0.05017619281946763,0.005572635321169183
23,35,yes pay,other,Positive,Positive,Neutral,1,0,0.03535513404171142,0.031186949113157215,0.02701333757147229,0.4946299140010411,0.9376315283868163,0.47418313688580166
24,389,loved started flag cancel order no one would anything fix ridiculous system lost business really enjoying buying figure seller made ton purchase one night try pay pay pal kept kicking im like whatever used card flagged order asked appeal send id cc information bank statement took forever proceeded 2 time,refund_return,Positive,Positive,Negative,1,0,0.03667133200810064,0.8058389935615021,0.018128625454105617,0.16073935751828952,0.9452000425377937,0.03342164892020833
25,920,worst experience ordered watch value 108 received empty package record video opening parcel parcel super slim ali express rejected refund help line also not providing solution total fraud done buy,delivery_shipping,Negative,Negative,Negative,1,1,0.9148529806602483,0.9576863219081374,0.05465640993193598,0.03869664255488689,0.03049060940781582,0.00361703553697576
26,945,please happy help introduce mobile money payment system help ghana try get office across ghana like julia,other,Positive,Positive,Positive,1,1,0.03529037055551664,0.0050844664440874415,0.027021376791563485,0.12565913275644983,0.93768825265292,0.8692564007994628
27,414,update yet another contact aliexpress got refund however cost lot time shopped lot ali resent year problem mostly resolved proof problem gave given proof not enough got obvious scam package wrapping no good several communication session picture video ali seller wain still ask proof disregarded claim,delivery_shipping,Neutral,Neutral,Negative,1,0,0.07236361310384665,0.7727423511788117,0.8858632041055566,0.21302567977897732,0.04177318279059652,0.014231969042210964
28,964,costumer service led 2 week waiting buyer protection run counterfeit product sold not use site,product_quality,Neutral,Neutral,Negative,1,0,0.07232215718502827,0.8386509309139912,0.8858448169364876,0.15532766080034222,0.041833025878484316,0.0060214082856665215
29,209,product received ordered take long delivered,other,Neutral,Neutral,Neutral,1,1,0.060744131028149136,0.31786132332475964,0.883697446796052,0.6181031557634943,0.05555842217579886,0.06403552091174604
30,855,worst rhapsody time least lost 16 american dollar,other,Negative,Negative,Negative,1,1,0.9072009938666838,0.9479185886010376,0.05450585952338426,0.04537930401472482,0.03829314660993198,0.006702107384237561
31,105,love,other,Positive,Positive,Positive,1,1,0.034914403502500836,0.06666810909909172,0.02756842364951598,0.38943461163989623,0.9375171728479833,0.5438972792610121
32,207,nothing scammer,other,Neutral,Neutral,Negative,1,0,0.07307830703909612,0.6602853862079261,0.8997157139196378,0.3036060208839691,0.027205979041266357,0.0361085929081048
33,473,wait longer 3 day two thing get shipped,other,Neutral,Neutral,Neutral,1,1,0.34486815240908575,0.0552441558664205,0.366327023365245,0.887521872994199,0.28880482422566933,0.05723397113938046
34,284,scam shop mention item send others done trust app,app_usability,Negative,Negative,Neutral,1,0,0.9494323866022519,0.449760205295089,0.017477359876644186,0.5172277766053047,0.0330902535211039,0.033012018099606306
35,739,ভল ন,other,Neutral,Neutral,Neutral,1,1,0.06795312453486758,0.17606597614091707,0.8819399971475177,0.7129378106314597,0.050106878317614484,0.1109962132276233
36,59,absolute garbage dint suggest app make purchase 50 stolen lose money time sanity no customer service there even less low quality item tried get refund stolen package 5 time said prove one prove shook person hand met app stupid pointless go temp,delivery_shipping,Negative,Negative,Negative,1,1,0.9417648839119795,0.9625654265502729,0.021027972070496816,0.034185430448742844,0.03720714401752354,0.003249143000984308
37,544,customer service nightmare package fast shipping selected till never arrive time never fulfill claim refund 1 late coupon next order multiple package separate order ordered month ago talking customer service doe n't yield anything false understanding fake sympathy infuriating especially feed fake tracking number want sign amazon view tracking info,delivery_shipping,Negative,Negative,Negative,1,1,0.9343901341975195,0.9294893438628623,0.054479145033715135,0.0664767973807753,0.011130720768765362,0.004033858756362408
38,654,say amazing price,pricing_discount,Positive,Positive,Positive,1,1,0.03632414473775513,0.04457822285412586,0.021771121387477502,0.20841806646225924,0.9419047338747676,0.7470037106836149
39,80,شكرا لجهودكم,other,Neutral,Neutral,Neutral,1,1,0.22734386227657022,0.16364094249216596,0.6020447142338726,0.7550687621145972,0.17061142348955718,0.08129029539323683
40,872,ازعاج وكل شويه ايميل,other,Neutral,Neutral,Neutral,1,1,0.22734386227657022,0.18061905830176087,0.6020447142338726,0.739498425431573,0.17061142348955718,0.0798825162666661
41,956,great shop,other,Positive,Positive,Positive,1,1,0.03417681346458891,0.005497863813188021,0.028389432653935297,0.021669165470461917,0.9374337538814755,0.9728329707163501
42,475,ordered decided order something nearly 40 scammer stay away quality item int great either not order,product_quality,Negative,Negative,Negative,1,1,0.9055364416431092,0.7721168211893762,0.04608499072939325,0.1974591266979116,0.04837856762749742,0.030424052112712194
43,100,garbage no comment,other,Negative,Negative,Negative,1,1,0.9067441037823096,0.7889067343276723,0.054387332163517266,0.2039232503622371,0.038868564054173056,0.007170015310090603
44,524,cool fri ai ad fake everything fake,product_quality,Negative,Negative,Neutral,1,0,0.9167158247910406,0.4541176912802142,0.05535128615897134,0.4939436106861227,0.02793288904998802,0.051938698033663105
45,13,people scammer buy something come bulk one like turquoise ring come one size mix come 2030pcs not received done show mysteriously blame carrier item bought single item set oh show fine no problem done want refund back anything not honest godly people facade sale product,refund_return,Negative,Negative,Negative,1,1,0.9203005379126076,0.8345000920230476,0.05247279522943766,0.1546878140856121,0.027226666857954974,0.010812093891340243
46,783,placed order made payment order still show order awaiting payment customer service doe n't seems way help,customer_service,Negative,Negative,Negative,1,1,0.7427513801586944,0.5967554534771463,0.11728935540606159,0.3820143610748265,0.13995926443524404,0.02123018544802716
47,81,always get scammed always find way,other,Neutral,Neutral,Negative,1,0,0.06822445236620489,0.8949200723633884,0.8819255367466008,0.09913522325435628,0.04985001088719448,0.0059447043822553
48,264,возникли проблемы со входом потом с данными в моем аккаунте у меня пропала вся информация о покупках и я не вижу трекинги служба поддержки отреагировала на мое обращение потом начали давать бесполезные советы о чистке браузера и как получить посылки в моем отделении трекинги и информация где и что купил утеряны сказали что больше не могут ничего сделать 3 недели я на нервах ждал дойдут ли посылки дошли связь с продавцами так и не восстановили только давали циклические отмазки,other,Neutral,Neutral,Neutral,1,1,0.06796524561450659,0.111354118416397,0.8819209867018665,0.8214887854235056,0.050113767683626735,0.06715709616009748
49,373,robbed either aliexpress very either way not allow apart app 3 delivery delivered incorrect address tracking gas clearly show different location address contacting aliexpress customer service told buffing need contact delivery company one uk ever contacted very know stress,delivery_shipping,Negative,Negative,Negative,1,1,0.7302685900396376,0.8455415794820116,0.10590494091836455,0.1472271204317146,0.1638264690419979,0.0072313000862738565
50,664,everything good,other,Neutral,Neutral,Positive,1,0,0.037782594401695194,0.0037119756086306794,0.9068144150614188,0.04620895033921854,0.05540299053688606,0.9500790740521508
51,366,ad im unsure people control not please stop ad auto open app love aliexpress im sick,app_usability,Negative,Negative,Negative,1,1,0.9098285927014282,0.886276393390981,0.04035514972784579,0.1006411651859776,0.04981625757072589,0.013082441423041435
52,523,best online product,other,Positive,Positive,Positive,1,1,0.06176422189428791,0.007241577456919556,0.26422905306923844,0.12479598902783229,0.674006725036474,0.8679624335152482
53,360,good app,app_usability,Positive,Positive,Positive,1,1,0.026179265777790173,0.008333633351128827,0.02187463906659423,0.042854095183955776,0.9519460951556157,0.9488122714649154
54,367,package left outside property opposite park item stolen refuse anything resolve issue that not mention delivery date take week month low quality tat end arriving awful ap,delivery_shipping,Negative,Negative,Negative,1,1,0.9080116349138122,0.9319591465799748,0.04255833670468821,0.06443721016976808,0.04943002838149956,0.003603643250257074
55,443,absolutely love aliexpress app,app_usability,Positive,Positive,Positive,1,1,0.0366350510572954,0.002084537477194156,0.018888296514340625,0.004689319212107149,0.9444766524283639,0.9932261433106987
56,263,year passed still zero 2510 zero star prize draw confidence trick misleading avoid zero star 2110 worst thing fake prompted top search sale updated prize draw huge disappointment time wasted prize still lock 69 frozen crash regularly since prize draw update broken like eva help,product_quality,Negative,Negative,Negative,1,1,0.9062277846346212,0.9534255411603058,0.054166225501654376,0.043393505548853045,0.03960598986372456,0.0031809532908411886
57,175,страхотно,other,Neutral,Neutral,Neutral,1,1,0.22734386227657022,0.08607857314103423,0.6020447142338726,0.8388694899768899,0.17061142348955718,0.07505193688207583
58,489,didst install app installed self installed app,app_usability,Negative,Negative,Neutral,1,0,0.9043628836958764,0.031137723642998053,0.05238042568617843,0.8739658567845914,0.04325669061794538,0.09489641957241052
59,743,ordered twice first time came late damaged second time yet receive package no way get customer service order plan waiting week cancel order also website almost impossible read print live tried everything increase phone,delivery_shipping,Negative,Negative,Negative,1,1,0.9190949606494792,0.9110423148312712,0.053396417859520685,0.0838924331946847,0.0275086214910003,0.005065251974044096
60,9,emma give one star false advertisement pricing,other,Negative,Negative,Negative,1,1,0.9048359308170547,0.5713922849731382,0.053153797279859055,0.415855428222073,0.04201027190308636,0.012752286804788855
61,501,avoid refuse let shop due ridiculous check goodbye arsehole,other,Negative,Negative,Negative,1,1,0.9043084343459601,0.9453523829909929,0.05227973868407917,0.04994501585562959,0.0434118269699607,0.004702601153377546
62,983,since aliexpress can not add alternate delivery address enable easy convenient way receive parcel without inconvenience stop using,delivery_shipping,Positive,Positive,Negative,1,0,0.036959351668303164,0.7105486737556294,0.0229138268139468,0.26986043690266404,0.94012682151775,0.0195908893417066
63,733,price way high deal still hight,pricing_discount,Negative,Negative,Neutral,1,0,0.9041032920951104,0.3079502513717804,0.049867723201960354,0.6453292225600208,0.0460289847029294,0.04672052606819884
64,883,long time user year however encountered scam seller no matter many time try customer support aliexpress seems interested protecting scammer helping long time user not using platform cant bothered recovering measly 37 scam seller,customer_service,Negative,Negative,Negative,1,1,0.9048128429639235,0.8695752434430359,0.04752628856005833,0.12247830366995094,0.04766086847601831,0.007946452887013167
65,773,no longer shop aliexpress due loss money item multiple order attempted delivery beginning january never ordered december march no item update tried talk customer service said order were n't paid ended chat middle horrible customer service live never issue like said never shop,delivery_shipping,Negative,Negative,Negative,1,1,0.943119145122136,0.9242772997984022,0.010008869695306389,0.07169875174869968,0.046871985182557384,0.004023948452898094
66,345,ordered item something happened not get provided evidence refund decided not give refund proven mistake seller item never came local courier said application also provided evidence,delivery_shipping,Negative,Negative,Negative,1,1,0.9039751346911548,0.6917324958552558,0.05115380911470485,0.2986373731282718,0.04487105619414036,0.009630131016472379
67,965,nice,other,Positive,Neutral,Positive,0,1,0.08129121361728896,0.04022813678297706,0.8261459426171395,0.2251299371971921,0.09256284376557146,0.7346419260198308
68,688,love god please remove stupid buy feature cant even option place cart useless genuinely ruining entire app,app_usability,Negative,Negative,Negative,1,1,0.9047539486488343,0.94614640126886,0.05309270082342319,0.04471773152588897,0.04215335052774254,0.009135867205251117
69,918,amazing app,app_usability,Positive,Positive,Positive,1,1,0.035935618802876594,0.005380609741355008,0.025951018661870166,0.019518299764479642,0.938113362535253,0.9751010904941654
70,182,scammer refuse refund make shipping error uk sanity not choose locker delivery checkout instead tell very deliver locker send email otherwise aliexpress might send stuff different courier unable deliver eris locker unable get refund scammer edit contact help centre think live trying past week,delivery_shipping,Negative,Negative,Negative,1,1,0.9062741624747512,0.8911067301334755,0.05423275814484345,0.10389778825951333,0.03949307938040501,0.004995481607011175
71,934,order cancelled one were n't cancelled arrived damaged returnrefund process joke seller told buy touch pen thought 5 would cover one order left hopefully box app deleted temp win best customer service,product_quality,Positive,Positive,Neutral,1,0,0.036507420331001794,0.371732061680139,0.020578747531544535,0.44935945345996997,0.9429138321374537,0.178908484859891
72,581,hack personal info see,other,Neutral,Neutral,Neutral,1,1,0.07158409072299088,0.3702694961348326,0.8844062765433874,0.5969242275677852,0.04400963273362173,0.032806276297382225
73,173,not spanish email come spanish annoying nothing happens following said,ads_promotions,Negative,Negative,Negative,1,1,0.9086681731642088,0.8967116275744534,0.05497270550094992,0.09843730616920818,0.03635912133484153,0.004851066256338402
74,377,false promotional price disappear checkout,pricing_discount,Negative,Negative,Negative,1,1,0.9070909281449331,0.7956150951288218,0.05455443864321305,0.19627166260852189,0.03835463321185378,0.008113242262656273
75,317,good app cheap price good stuff use pay delivery ask card detail really card would choose pay delivery option done use card always used payment delivery know cant even order stuff well ali express,delivery_shipping,Positive,Positive,Positive,1,1,0.1993575563447822,0.09600957697651334,0.06278729103813631,0.23686661355644345,0.7378551526170815,0.6671238094670432
76,452,doe n't even thing exercise,other,Neutral,Neutral,Neutral,1,1,0.054054415688934994,0.2346188207084292,0.8885149222161982,0.6399105596569014,0.05743066209486658,0.12547061963466943
77,657,app updated waiting see promotion,app_usability,Neutral,Neutral,Positive,1,0,0.07260784552095094,0.0022060451287934427,0.8871800355723257,0.3932871207421926,0.04021211890672376,0.604506834129014
78,400,live bought many great product aliexpress planning buy many normally quick delivery thanks generally product well made great quality,delivery_shipping,Positive,Positive,Positive,1,1,0.036573270256020585,0.0018233508023272347,0.01979268236255742,0.00570417489846104,0.943634047381422,0.9924724742992117
79,484,hip,other,Neutral,Neutral,Neutral,1,1,0.06797211733703501,0.06302113549316814,0.881905623536025,0.7219705258919064,0.05012225912694007,0.2150083386149255
80,828,doe n't work buggy keep telling reset password say unusual activity trying create brand new account wt fruitcake,other,Positive,Positive,Negative,1,0,0.033353245704792304,0.7833993602713433,0.02902377605108244,0.20541562579996828,0.9376229782441254,0.011185013928688429
81,166,there no new suggestion u ever search click one product till haunt u forever recommendation everything related would thrower u even u interest,other,Negative,Negative,Negative,1,1,0.5770985929277826,0.6655131256145588,0.24191471474947854,0.3120829609890338,0.180986692322739,0.022403913396407387
82,290,become trash online service ever first changed price higher stop refunding error reasonable refund solving added tax also mean pay payment order shipment tax also around 40 60 percentage tax really stupid service,refund_return,Negative,Negative,Negative,1,1,0.913087834811066,0.9612306396714765,0.03709094062563178,0.036210205557705766,0.04982122456330223,0.002559154770817791
83,967,live gotten lot stuff,other,Neutral,Neutral,Neutral,1,1,0.05566686926843475,0.03918502720942629,0.8871805829629683,0.8844439686834972,0.05715254776859679,0.07637100410707653
84,198,thumb ups way turn dark theme mode app,app_usability,Positive,Positive,Neutral,1,0,0.03676208101192866,0.038494789257490315,0.023971846790999153,0.844030763030969,0.9392660721970721,0.1174744477115407
85,436,welcome gift scam 2 free item also free shipping pick discounted item get gift nothing actually free,delivery_shipping,Positive,Negative,Neutral,0,0,0.4886008589932854,0.0777725989622206,0.24682262764033913,0.6342428639124543,0.26457651336637533,0.287984537125325
86,648,claim done receive item get refund contacted let know received order except elsa wand ordered granddaughter treated like lying escalate case specialist think going try get free item would 2 item didst receive since treated thief im done app update still got b done order rip,refund_return,Negative,Negative,Negative,1,1,0.9041069525761803,0.6993638381267165,0.0498288537717687,0.27596661859701005,0.046064193652051,0.02466954327627336
87,388,,other,Neutral,Neutral,Neutral,1,1,0.06795282323181685,0.23896133609404147,0.8819264569256695,0.39950588349209104,0.05012071984251367,0.3615327804138675
88,762,great made many good purchase vulcan 650,other,Positive,Positive,Positive,1,1,0.03653157001067254,0.001636610610662694,0.024639084133100186,0.006180639861525193,0.9388293458562272,0.9921827495278122
89,622,not giving money back,other,Negative,Negative,Neutral,1,0,0.9055109693164104,0.3340620348742301,0.05377926127508227,0.6338185573545313,0.04070976940850708,0.03211940777123857
90,935,fraud run away lie least temp return done shop,refund_return,Negative,Negative,Negative,1,1,0.9052969198724625,0.7593180876665453,0.05354224771126906,0.2242822896368335,0.04116083241626832,0.01639962269662124
91,14,need app track package cant online browser exactly,delivery_shipping,Neutral,Neutral,Neutral,1,1,0.05832330356138898,0.14327886273625903,0.885151487392949,0.7916665437320904,0.05652520904566198,0.0650545935316505
92,85,good,other,Positive,Positive,Positive,1,1,0.0011544824708868686,0.042989433173916874,0.028557515960776866,0.22717040490143559,0.9702880015683363,0.7298401619246475
93,390,item never came contacting 45 time every time told wait 48 hour someone get touch got boring real quick got refund paypal scummy untrustworthy company account banned,refund_return,Negative,Negative,Negative,1,1,0.9040684759790001,0.9359903840088295,0.05166357230972923,0.0599524484672577,0.04426795171127074,0.004057167523912844
94,676,much add,other,Negative,Negative,Neutral,1,0,0.9050269337617243,0.054127278363434006,0.04702987707878157,0.7095361073107768,0.04794318915949418,0.23633661432578926
95,503,should n't use app purchase,app_usability,Neutral,Positive,Neutral,0,1,0.3949889101747049,0.2910583946007529,0.07999577409961076,0.6869259065063303,0.5250153157256844,0.0220156988929168
96,778,experience aliexpress not bad best website order thing,other,Positive,Positive,Positive,1,1,0.03656449183961108,0.0037163753463704615,0.016870470688945094,0.02105659135680531,0.9465650374714439,0.9752270332968243
97,646,wish way clear message order you 've already received message center make confusing,other,Positive,Positive,Neutral,1,0,0.03560255227176871,0.31285438174645885,0.026606379748114604,0.6433557915937587,0.9377910679801168,0.04378982665978243
98,331,great app good price everything waiting time long stressful ordering item receive overall got item wanted,pricing_discount,Positive,Positive,Positive,1,1,0.03649594804778632,0.011055863102008394,0.02028070300042664,0.05223929339239814,0.9432233489517869,0.9367048435055935
99,53,order window tint two week ago still nothing guess delivery person wanted package decided not fill order keep moneywhy think thing cheap advertisingthey keep money,delivery_shipping,Negative,Negative,Negative,1,1,0.9124957948870236,0.7119652575853075,0.03760364399460644,0.2730050364657861,0.04990056111837031,0.015029705948906347
100,2,far worst app bought 3 product non came contact shipping company instantly hang highly would not recommend 5 star review probably bot one worst apps not install use happen friend,delivery_shipping,Negative,Negative,Negative,1,1,0.908823624545071,0.9540064829499377,0.04150963357066364,0.04153348201850584,0.049666741884265196,0.0044600350315563845
101,817,can not buy individual piece product consumer also company,other,Neutral,Neutral,Negative,1,0,0.07236417099789769,0.5435293963507692,0.8860335981526475,0.43827829173093935,0.04160223084945486,0.018192311918291373
102,403,delivery middle east bad sadly pay shipping every item add wish like stein temp term shipping,delivery_shipping,Negative,Negative,Negative,1,1,0.9156779809559277,0.9096485717038797,0.034666870701959784,0.08490157822835388,0.04965514834211268,0.005449850067766447
103,683,whats point offering choice bundle order item courier mail company cant never deliver item australia make pal spend money done receive good courier wasting time delivering wrong address steal,delivery_shipping,Negative,Negative,Negative,1,1,0.9090015226841501,0.9187976893366805,0.041307175988629125,0.07595521356638696,0.049691301327220945,0.0052470970969325775
104,556,frustrating sneaky advertising example find ad 10 time picked specific 100every time try send item back get locked account robot try talk beyond uselesslike talking bunch scammer pakistanindiaby end conversation pant taken money moral storythese people scammer hind behind bent law,ads_promotions,Negative,Negative,Negative,1,1,0.6056808864214801,0.9458290792165301,0.3085572174043332,0.051236482931933246,0.08576189617418672,0.0029344378515365993
105,248,price change checkout uninstalled app,pricing_discount,Neutral,Neutral,Neutral,1,1,0.07116462605727646,0.10662765850332816,0.8839049708037823,0.8265203257292751,0.04493040313894132,0.06685201576739667
106,565,amount pop ups cant buy unless want put stuff basket deal not product deal click something take pay ad bad temp,pricing_discount,Negative,Negative,Negative,1,1,0.9043236047624684,0.8346725386085094,0.052195734839951095,0.1572667562045187,0.043480660397580445,0.008060705186971823
107,988,overly blotted keep launching background slowing phone annoying contact helpless centre ha ha screwed message section plus search throw random item not your searching want 5 star rewrite app something useful,app_usability,Negative,Negative,Negative,1,1,0.6341807569438064,0.876904363487433,0.10852091288414037,0.11330652893407663,0.2572983301720532,0.009789107578490396
108,894,im still waiting mine must 3,other,Negative,Negative,Neutral,1,0,0.7904044961954402,0.05871692738668254,0.18314481264252677,0.7488204446305102,0.02645069116203304,0.1924626279828072
109,525,aliexpress cheap easy use price fantabulous many different variety pick recommend everyone download rated app 5 star pee palmerston,pricing_discount,Positive,Positive,Positive,1,1,0.036590042973749355,0.0015582608467761576,0.01903845673207418,0.02871357251889328,0.9443715002941765,0.9697281666343306
110,704,easy use find item never crashed straight forward order update customer service another ballgame ran problem order sharing clear photo wrong item sent supplier original packaging explicitly showing issue measuring tape asked provide date stamped video unpacking item ridiculous save headache buy reputable source customer service non existent,app_usability,Positive,Positive,Negative,1,0,0.03660541633860877,0.6788670370067131,0.018718264187591045,0.27014633811901256,0.9446763194738002,0.050986624874274245
111,183,rubbish scam app get burnt didst want give one star not able seems stupid no star,app_usability,Negative,Negative,Negative,1,1,0.9034435155048192,0.9614453888347265,0.06198924197273308,0.03491879558169609,0.034567242522447875,0.003635815583577412
112,200,app download hope read review first app full scammer want money made purchase past month item lost took week finally get refund reporting company bob monday morning,refund_return,Negative,Negative,Negative,1,1,0.9039354578958131,0.8658828718521648,0.051285097096497236,0.12556137745951798,0.04477944500768967,0.008555750688317184
113,498,nice app customer service good,app_usability,Positive,Negative,Positive,0,1,0.3530913187233962,0.009012594701558048,0.2048888779821191,0.019759772087785593,0.4420198032944845,0.9712276332106563
114,146,far everything ordered fine order thing need,other,Positive,Positive,Neutral,1,0,0.028822539181416973,0.017697968511922506,0.030839070621185734,0.6643882144295983,0.9403383901973972,0.3179138170584792
115,870,aliexpress huge variety product low price shipping take item arrive described good place find affordable option done mind waiting,delivery_shipping,Positive,Positive,Positive,1,1,0.16603469582278516,0.008078335551146043,0.2493243220192263,0.20563020708548238,0.5846409821579888,0.7862914573633716
116,432,consistent double tax no receipt bad paperwork no support no service,pricing_discount,Negative,Negative,Negative,1,1,0.9419661709698557,0.9273726184222076,0.02607499867930516,0.06858198667260848,0.03195883035083915,0.0040453949051838765
117,896,ali claim protect buyer absolutely no integrity turn back even obvious fraud occurred documented evidence not pay extra fee protection your wasting time money go reputable supplier directly buyer beware,pricing_discount,Negative,Negative,Negative,1,1,0.903994574460619,0.8528079033118154,0.05091053352310412,0.13832669870490075,0.04509489201627689,0.00886539798328382
118,779,okay,other,Positive,Neutral,Neutral,0,0,0.15932744575289512,0.07062458781526722,0.714413626676093,0.6058983026177197,0.12625892757101187,0.3234771095670131
119,159,no way view complete order individual item joke,other,Negative,Negative,Negative,1,1,0.9043315848931758,0.6549008879006438,0.052337388475247666,0.32889734678848664,0.043331026631576765,0.016201765310869535
120,677,scam system impossibility redemption many user platform like geddit report soon shopping credit become available often specific time like midnight instantly sold within millisecond user feel cheated time spent playing game earn diamond believing system designed impossible win potentially using bot small allocation,scam_trust,Negative,Negative,Negative,1,1,0.4621845370467366,0.7753720843448673,0.18170196715167147,0.21056286892591572,0.35611349580159196,0.014065046729217066
121,748,everything suddenly unavailable search something is suddenly gone,other,Neutral,Neutral,Negative,1,0,0.31154403932339303,0.6375654082197959,0.5554824683450221,0.3517090566897916,0.13297349233158468,0.01072553509041248
122,492,send fake product,product_quality,Negative,Negative,Negative,1,1,0.7354377505923446,0.6953329145771582,0.15167227338236206,0.2910847192536081,0.1128899760252929,0.01358236616923366
123,926,want add thing cart normal new feature annoying hard use,other,Negative,Negative,Negative,1,1,0.9041034248502967,0.8382791861178741,0.05186367009581265,0.1514325139086088,0.04403290505389048,0.010288299973517098
124,814,good e commerce,other,Positive,Positive,Positive,1,1,0.022953049057126345,0.033311148607815186,0.030668343396106117,0.28248603309447456,0.9463786075467675,0.6842028182977102
125,747,useless lebanon supper high shipping rate,delivery_shipping,Negative,Negative,Negative,1,1,0.9041882142064628,0.9509243672895207,0.05179831939917274,0.04634592912214281,0.044013466394364466,0.0027297035883365028
126,924,can not add item cart item buy option,other,Neutral,Neutral,Negative,1,0,0.07261119453076563,0.560570253594617,0.8872406707412915,0.42434699370807205,0.04014813472794286,0.015082752697310941
127,417,beware send incorrect item demand package return back even though incorrectly sent receive nothing harassing message daily,delivery_shipping,Negative,Negative,Negative,1,1,0.9134525629790706,0.8810529235897528,0.053872457096333974,0.11496395778326259,0.032674979924595504,0.003983118626984562
128,3,first package arrived counterfeit postage pay extra 1375 get local post office hope 2 not happen way,delivery_shipping,Neutral,Neutral,Negative,1,0,0.0708725851264126,0.719623830900484,0.8835192181656983,0.25815371640599205,0.045608196707889403,0.02222245269352394
129,447,im not getting good,other,Neutral,Neutral,Negative,1,0,0.06886727801787004,0.8335550939800555,0.8821960228075401,0.1532161478998752,0.04893669917459018,0.013228758120069314
130,847,ad,ads_promotions,Neutral,Neutral,Neutral,1,1,0.0730055278990302,0.22659260570340803,0.8998029463512441,0.6121795724790906,0.027191525749725515,0.16122782181750134
131,586,im happy everything,other,Positive,Positive,Positive,1,1,0.1782637034051475,0.004004951046712892,0.31539015310799634,0.011982339272514062,0.506346143486856,0.984012709680773
132,191,improve african service not good app use ordering africa also stop sending ad email,app_usability,Negative,Negative,Negative,1,1,0.9042583794413451,0.9318937269341908,0.04902791461201105,0.06444193565332887,0.04671370594664371,0.0036643374124802775
133,756,ever get refund ill bump review 5 star,refund_return,Neutral,Negative,Neutral,0,1,0.5580061033736115,0.0556218011491954,0.31327917564156527,0.6930757554448916,0.12871472098482306,0.251302443405913
134,579,entered number asked email every time entered asked tried two different one still,ads_promotions,Neutral,Neutral,Neutral,1,1,0.0725946357496564,0.12164702694293414,0.8866556623069273,0.8397948522919269,0.040749701943416206,0.038558120765138995
135,645,want return something ignore you tried contact customer support get robot telling working tit simple case sent wrong stuff sort tout,refund_return,Negative,Negative,Negative,1,1,0.7150064011382236,0.7190593521244415,0.21043165418414567,0.2692432716632817,0.07456194467763122,0.011697376212276758
136,480,haven gave stuff yet,other,Neutral,Neutral,Neutral,1,1,0.04414678284443643,0.05561752161953566,0.9094308679986027,0.9058800800758589,0.04642234915696066,0.03850239830460551
137,189,good app buy old thing buy high shipping fee,delivery_shipping,Positive,Positive,Positive,1,1,0.036627090355293206,0.02367615007630326,0.018807411296055773,0.24295656926087816,0.944565498348651,0.7333672806628185
138,818,application real cheap price,pricing_discount,Positive,Positive,Neutral,1,0,0.0368321906367879,0.09905742927683464,0.023416380373993732,0.5954290076749698,0.9397514289892185,0.30551356304819555
139,839,long,other,Neutral,Neutral,Neutral,1,1,0.04565515002771591,0.13450923962918637,0.8969967701034779,0.5895468172295933,0.057348079868806065,0.2759439431412203
140,630,cool,other,Positive,Negative,Positive,0,1,0.4752511205191095,0.04494407906961677,0.3723968303394886,0.41834683472951756,0.1523520491414018,0.5367090862008657
141,11,item ordered never arrived also reorder still nothing waste money ask,other,Negative,Negative,Negative,1,1,0.9129633289332901,0.8883146084820999,0.053632929251463055,0.10508322759799149,0.033403741815246864,0.006602163919908682
142,644,sold data within couple hour,other,Neutral,Neutral,Neutral,1,1,0.0672287455315685,0.011763016002985046,0.8818777108278218,0.8395688109756576,0.0508935436406096,0.14866817302135732
143,522,ok satisfied,other,Positive,Positive,Positive,1,1,0.02265311428038173,0.026106505939108595,0.030571342119582644,0.19674854896723054,0.9467755436000358,0.7771449450936608
144,117,ι αм ηєω нєяє αη ѕσяяу ι υѕє тнιѕ ƒσηт ι αм 9 уєαяѕ σℓ αη ι ƒιη тнιѕ νєяу σηƒυѕιηg вυт ι ℓσνє ιт ιтѕ ƒυη ωнєяє уσυ gєт αρρѕ,other,Neutral,Neutral,Neutral,1,1,0.22734386227657022,0.09102218903303035,0.6020447142338726,0.8529469656814735,0.17061142348955718,0.05603084528549614
145,194,5stars,other,Neutral,Neutral,Neutral,1,1,0.22734386227657022,0.040963687307862096,0.6020447142338726,0.7536369022252924,0.17061142348955718,0.2053994104668454
146,805,good indeed,other,Positive,Positive,Positive,1,1,0.02292494528120701,0.006692652008299262,0.030664647205092672,0.023426120459905588,0.9464104075137003,0.9698812275317952
147,607,app allows costume collect every package place place extra charge product buy even pay shipping also give subcontractor make u pay extra payment delivery albania done use app,delivery_shipping,Negative,Negative,Neutral,1,0,0.9121779164461125,0.02675584321187495,0.03792394603166252,0.8352333872197815,0.04989813752222523,0.13801076956834357
148,141,mostly everything bought cheap flimsy junk especially clothing new site bought lot stuff wish haunt could found nicer stuff thrown away dumpster several item never even received complained ignored no customer service phone number tried cancel couple order immediately ordered sent anyway charged despite effort put customer service,refund_return,Negative,Negative,Negative,1,1,0.9071509699582557,0.9108068387122014,0.05452305127595213,0.083833946182901,0.03832597876579212,0.00535921510489763
149,369,,other,Neutral,Neutral,Neutral,1,1,0.06795282323181685,0.23896133609404147,0.8819264569256695,0.39950588349209104,0.05012071984251367,0.3615327804138675
150,825,joke dude,other,Negative,Negative,Neutral,1,0,0.9069947610528485,0.1080948029813053,0.054515632737231236,0.7497818916906054,0.0384896062099201,0.1421233053280893
151,258,broken beast merge bos game freeze clicking deliver delivered item disappear no reward issued feeling little robbed giving aliexpress time data without receiving fair reward,delivery_shipping,Negative,Negative,Negative,1,1,0.9108628906485747,0.8355141882793249,0.05506808120096089,0.15314978767243786,0.03406902815046458,0.011336024048237291
152,542,best company ever great customer service lot company learn loyalty mean ditched stein long time ago,customer_service,Positive,Positive,Positive,1,1,0.030274364293831294,0.010788859839695915,0.03052402783158229,0.029438251739137812,0.9392016078745866,0.9597728884211663
153,936,wont let buy anything authenticating payment screen wont stop loading,other,Negative,Negative,Negative,1,1,0.9095101241102935,0.8914688193929804,0.05502510918522671,0.10435004443268105,0.03546476670447982,0.004181136174338583
154,396,not going download app try find part princeton many ad look,app_usability,Negative,Negative,Neutral,1,0,0.9040629011121942,0.43494618587115685,0.05129034515779484,0.5415392598739156,0.04464675373001105,0.02351455425492755
155,221,done install app lying doe n't respect protocol chinese,app_usability,Negative,Negative,Negative,1,1,0.5406086940645355,0.883895646306354,0.34193340971712527,0.11131619051761038,0.11745789621833927,0.004788163176035622
156,21,high price selling diamond,pricing_discount,Negative,Negative,Neutral,1,0,0.9050515822001509,0.02602812894297512,0.04696151292902259,0.8372594308690258,0.047986904870826415,0.13671244018799916
157,425,paid 5 item got 2 broken aliexpress refused refund even though shop said would refund never got refund item described silicone made cheap plastic total ripoff terrible service shall not ever buying,refund_return,Negative,Negative,Negative,1,1,0.9142058350905793,0.9403163466135103,0.036374950756645215,0.05537545840874241,0.04941921415277546,0.004308194977747318
158,873,weary purchasing anything right aliexpress use very main courier service cheapest very verge bust refusing pick parcel airport uk 2nd order got lost 3rd order stuck airport waiting courier pickup 7 day unlikely receive order wait purchasing sort better delivery service,delivery_shipping,Negative,Negative,Negative,1,1,0.7428396449676252,0.7382128055140081,0.11773486007752619,0.2271495886416876,0.13942549495484854,0.034637605844304295
159,321,good store great alias may gay,other,Positive,Positive,Positive,1,1,0.026295236330216513,0.004360012091436359,0.03106005345659824,0.021239218893851948,0.9426447102131855,0.9744007690147117
160,449,like temp different name scam,scam_trust,Negative,Negative,Negative,1,1,0.9045501647025509,0.5061782134445291,0.04816956155000136,0.4765721385777182,0.04728027374744769,0.017249647977752743
161,772,good experience seller cant see feedback,other,Positive,Positive,Positive,1,1,0.023364659212243503,0.14321531995603382,0.030763704422963563,0.390324908062439,0.9458716363647932,0.46645977198152716
162,265,perfect,other,Positive,Positive,Positive,1,1,0.026923340975694533,0.04613173282931643,0.031019250156608134,0.11387712442142513,0.9420574088676974,0.8399911427492585
163,659,easily misguided positive review product store disappointing experience limited review refund timeframe make easy lowquality seller avoid responsibility product break month leave buyer no option platform extend protection better support honest customer seller,refund_return,Positive,Positive,Negative,1,0,0.0364077198739523,0.8353692251255024,0.024974152340632237,0.14972414423024297,0.9386181277854152,0.014906630644254654
164,139,by flow 67 since,other,Neutral,Neutral,Neutral,1,1,0.06855752440833517,0.01457003779363808,0.8820519018488187,0.8944048856541378,0.049390573742846555,0.09102507655222414
165,46,stopped accepting debitcredit card,other,Negative,Negative,Neutral,1,0,0.9097826354075585,0.3478737765072285,0.055044286217800976,0.6309220127602864,0.03517307837464046,0.021204210732485136
166,562,terrible customer service need return item wont provide clear return address large item cant use po box courier large send postal service keep getting given useless instruction going circle frustrating tried 6 time get address keep getting answer follow instruction none read request terrible,delivery_shipping,Negative,Negative,Negative,1,1,0.9111087297708397,0.955178173621629,0.05507935678294549,0.04207366583469916,0.03381191344621485,0.0027481605436718306
167,790,cant get damned thing upload photo phone permission fine never upload can not finish dispute resolution without able upload evidence,other,Positive,Positive,Negative,1,0,0.020341328644779035,0.908591942123617,0.03108079822453472,0.0868394929242936,0.9485778731306862,0.004568564952089363
168,242,app keep installing without permission big red flag,app_usability,Neutral,Neutral,Negative,1,0,0.05641831142514104,0.8273126413619017,0.8865583199036557,0.161322055894976,0.057023368671203355,0.011365302743122238
169,691,tone notification even order update notification notification still continuous unnecessary update way delivered really needed,app_usability,Negative,Negative,Negative,1,1,0.9090972555783973,0.7548975103952694,0.054894765905602286,0.23057718158593316,0.03600797851600051,0.01452530801879745
170,174,much notification spam,ads_promotions,Negative,Negative,Negative,1,1,0.904004953381596,0.6572350810674199,0.05008120427443464,0.3268120562522705,0.04591384234396939,0.015952862680309543
171,682,paid much poster sticker cancelled order never gave money back emailed several time never got back,other,Negative,Negative,Negative,1,1,0.9078532985449694,0.8577317995816198,0.049820851159722186,0.13700048312869684,0.042325850295308574,0.005267717289683341
172,26,terrible app haunt received order well month no refund keep replying someone get back within 2448 hour message every three day still response not buy,refund_return,Negative,Negative,Negative,1,1,0.9074275956985631,0.9120008597224623,0.05464527212800908,0.08207971289263272,0.03792713217342781,0.00591942738490503
173,155,done honor fast ship program get run around spend extra dollar get tic to shop,delivery_shipping,Negative,Negative,Neutral,1,0,0.9112826019011898,0.020341279553471495,0.05509597908313873,0.722852786710098,0.03362141901567136,0.2568059337364305
174,574,scam,scam_trust,Negative,Negative,Neutral,1,0,0.9255901701014398,0.4220006528794863,0.053089668891094226,0.5024594143399509,0.02132016100746587,0.07553993278056283
175,362,ante verse,other,Neutral,Neutral,Neutral,1,1,0.22734386227657022,0.024716980018705724,0.6020447142338726,0.8711009362011869,0.17061142348955718,0.10418208378010739
176,827,good,other,Positive,Positive,Positive,1,1,0.0011544824708868686,0.042989433173916874,0.028557515960776866,0.22717040490143559,0.9702880015683363,0.7298401619246475
177,650,loser app,app_usability,Negative,Negative,Negative,1,1,0.7131347991415734,0.9355395279454891,0.024887904435851444,0.05735901274489031,0.26197729642257517,0.007101459309620533
178,393,locked could ever place order 5 day appeal process would prevent getting new customer discount use van point think meant discourage privacy disappointing really excited product,pricing_discount,Negative,Negative,Negative,1,1,0.9050001263584229,0.8081577947093599,0.047060457050306384,0.17088724296736252,0.047939416591270836,0.020954962323277596
179,485,bad order clipperthey send accessory money gone,other,Negative,Negative,Negative,1,1,0.9048146167440764,0.8586639649967704,0.05317412704593769,0.13457448605071493,0.04201125620998596,0.0067615489525145985
180,966,many scam description not matching actual product misleading main picture price no longer cheap like used,pricing_discount,Negative,Negative,Negative,1,1,0.912024455042938,0.8556127600013119,0.02409797706862827,0.13759528183785205,0.06387756788843363,0.006791958160835996
181,437,id great not perfect,other,Positive,Positive,Positive,1,1,0.03394082602801865,0.14245986085205647,0.028528978464656823,0.3355825395397487,0.9375301955073246,0.5219575996081948
182,615,رائع,other,Neutral,Neutral,Neutral,1,1,0.22734386227657022,0.2301476832534255,0.6020447142338726,0.7051056886131201,0.17061142348955718,0.06474662813345447
183,433,ad push install phone no choice say no technological rape fun law,ads_promotions,Negative,Negative,Negative,1,1,0.7315272408434867,0.4735422240244349,0.15903499078825523,0.4714444087023528,0.10943776836825819,0.05501336727321224
184,845,longest time deliver online platform placed order january 11 2026 delivery supposedly february 11 2026 today february 17 2026 hast arrived,delivery_shipping,Neutral,Neutral,Neutral,1,1,0.4176590060227627,0.004765097105113012,0.4051393408518691,0.8262761327580675,0.17720165312536798,0.16895877013681945
185,95,long term loyal customer clear seller aliexpress work together customer problem arisemisleading advert documented verbal abuse seller legitimately complaining aliexpress really not care act even appealswhen order something probability success return low problem shipping often not coveredcontact support help automated waste time endless loop,delivery_shipping,Negative,Negative,Negative,1,1,0.9114291221346617,0.7973711280741717,0.038732556691024135,0.18668928156405934,0.04983832117431434,0.01593959036176903
186,694,ordered stuff took money never received item,other,Neutral,Neutral,Negative,1,0,0.0733107947034485,0.5533944019702555,0.8931191103865568,0.4340063229504074,0.033570094909995137,0.01259927507933714
187,715,usually pretty good always ordering something app,app_usability,Positive,Positive,Positive,1,1,0.034880538340332674,0.00333524999450281,0.027589589414140667,0.018666091291207772,0.9375298722455264,0.9779986587142894
188,937,ممتاز,other,Neutral,Neutral,Neutral,1,1,0.22734386227657022,0.295475467447866,0.6020447142338726,0.6523683983116939,0.17061142348955718,0.05215613424044008
189,915,prompt door door delivery all expireß awesome reasonable pricing,delivery_shipping,Positive,Positive,Positive,1,1,0.025170851731340916,0.006183763097991603,0.03099487950375069,0.14668259174889747,0.9438342687649082,0.847133645153111
190,113,cant upload video app requesting refund,refund_return,Neutral,Neutral,Negative,1,0,0.07033963738021297,0.6669150423196087,0.8830885946241648,0.3222998299616432,0.046571767995622376,0.010785127718748106
191,797,awful ordered jacket receive pant try send video fact doe n't work allow video 10mb basically less 5 second int nearly enough show proof total scam avoid app,app_usability,Negative,Negative,Negative,1,1,0.9174817822563622,0.9181136869416191,0.05553206210981332,0.07508796764669433,0.02698615563382443,0.006798345411686572
192,606,got robbed money beware buyer,other,Neutral,Neutral,Negative,1,0,0.0732929689150788,0.8508726825951489,0.8918506556729706,0.13865482078924257,0.034856375411950254,0.010472496615608503
193,371,good,other,Positive,Positive,Positive,1,1,0.0011544824708868686,0.04298943509569423,0.028557515960776866,0.22717037035326162,0.9702880015683363,0.7298401945510441
194,125,shipping fee way ridiculous,delivery_shipping,Negative,Negative,Negative,1,1,0.9066186188798006,0.90145327843223,0.04437994458734957,0.09280651418837427,0.0490014365328498,0.005740207379395765
195,372,good shipping product time shipping 1 2 week low quality item still work love dollar express,delivery_shipping,Positive,Positive,Positive,1,1,0.03670092291863891,0.007608784938171661,0.024130400372769967,0.027258726230366393,0.939168676708591,0.965132488831462
196,148,title great app impossible pay ghana really want use app give 5 star forced give 3 star payment method ghana u not bank account international card use man mobile money mono everything million u ready buy stuck checkout add man mono app 1 choice ghana please help u shop adding local mobile money option,app_usability,Positive,Positive,Positive,1,1,0.0365992223532606,0.00518609811137055,0.017259867842369582,0.1103142414630395,0.9461409098043697,0.8844996604255899
197,229,best place buy chinese counterfeit full price,product_quality,Positive,Positive,Neutral,1,0,0.03098268195144769,0.02796800642967272,0.030242920197736754,0.5975231377425148,0.9387743978508155,0.3745088558278125
198,901,good work perfect,other,Positive,Positive,Positive,1,1,0.006590561784490595,0.006388863518885972,0.028555910204997086,0.009699090338781987,0.9648535280105123,0.9839120461423321
199,614,highly recommend no trick advertisement work perfectly no hidden fee purchase best app,pricing_discount,Positive,Positive,Positive,1,1,0.0365794709943436,0.004391442673513998,0.01674192615468703,0.01142734208285995,0.9466786028509694,0.984181215243626
200,986,good tax,pricing_discount,Positive,Positive,Positive,1,1,0.028277660781679023,0.06193243758330075,0.03096641648415438,0.31570333477633694,0.940755922734167,0.6223642276403623
201,796,keep hanging upon launch,other,Neutral,Neutral,Neutral,1,1,0.06241964498538249,0.021752521071545464,0.8828871869745515,0.8503308765540887,0.0546931680400659,0.1279166023743659
202,260,item late overseas delivery attempted way back seller aliexpress far making go appeal appeal claim local post office even though provided statement post office way back haven provided evidence local post office despite claim,delivery_shipping,Neutral,Neutral,Neutral,1,1,0.06900351701091312,0.33368510442934135,0.8823072428939782,0.6429599607376749,0.048689240095108575,0.02335493483298373
203,981,app good courier service using rubbish parcel left random look every time last one could not find got full refund not something helped me needed product ordered,delivery_shipping,Positive,Negative,Negative,0,0,0.7863739860321906,0.792272070251761,0.12307453249246049,0.18079024081851658,0.09055148147534899,0.026937688929722373
204,150,minna costa está dandy problem de seuratç na hora de apical coupon torque ó para apical coupon que á error de seuratç david que se fosse una compar else ira day memo bloqueio,app_usability,Neutral,Neutral,Neutral,1,1,0.31770825212686826,0.05622933076359845,0.5491718353680579,0.8700375005951616,0.1331199125050739,0.0737331686412399
205,628,happy,other,Positive,Positive,Positive,1,1,0.026906774238273885,0.01932700569544556,0.0310039570769592,0.11842199613488831,0.9420892686847667,0.8622509981696661
206,972,im trying get rid item wishlist sold lot time click back item clicked one wishlist group put back beginning app instead group item im going doe n't show one sold anymore click item see sold not guy change annoying hard go everything that saved,app_usability,Negative,Negative,Negative,1,1,0.5266348519346393,0.7092874964791585,0.3882074321067013,0.2739190352106472,0.08515771595865947,0.016793468310194397
207,278,bought something coin shadow banned error protect security account request cant processed time 4 week live contacted support least five time completely useless kept saying higher team email regarding shadow ban email kept repeating useless garbage like log like bot also app drain 20 battery 1 hour,app_usability,Negative,Negative,Negative,1,1,0.904203014828638,0.9540202991566551,0.04895465098920478,0.04361513528006302,0.04684233418215712,0.0023645655632818685
208,477,avoided using year reservation quality first time using completely understand avoided return system joke basically squeeze accepting partial refund broken item never use service one done,refund_return,Negative,Negative,Negative,1,1,0.9066985354170546,0.6630110317508773,0.05434909018101138,0.3014978547039814,0.03895237440193416,0.035491113545141346
209,852,excellent app user experience topnotch,app_usability,Positive,Positive,Positive,1,1,0.03640997468782319,0.002964886097486997,0.02501295572399568,0.007236104824829338,0.9385770695881814,0.9897990090776837
210,823,shipping fee expensive,delivery_shipping,Neutral,Negative,Neutral,0,1,0.44243114241275766,0.4269072179035428,0.25258361124993545,0.5563510739259582,0.3049852463373065,0.01674170817049903
211,954,exchange game point coupon hast worked properly since august 2025 possible 100 need sleep that im lucky enough pick coupon exchange time measured second furthermore 1 5 coupon available complete nonsense either disable exchange game point coupon make work august 2025,other,Neutral,Neutral,Positive,1,0,0.06670862989811135,0.08932551063094668,0.881758997345083,0.3931090563022275,0.05153237275680577,0.5175654330668258
212,969,uninstalled annoying unstoppable ad,ads_promotions,Negative,Negative,Negative,1,1,0.9335844124684214,0.9082392771058752,0.05312005998038999,0.08506733662707534,0.013295527551188544,0.006693386267049474
213,623,ordering really slow,app_usability,Negative,Negative,Negative,1,1,0.8904324630198064,0.7782626311497557,0.07181292340196281,0.21060862078647097,0.037754613578230754,0.011128748063773343
214,410,well downloaded app google play looked around could n't see anything see problem seeing anything white background not dark mode dark theme uninstalled ever add create dark mode version download not,app_usability,Negative,Negative,Negative,1,1,0.9123245665688573,0.565344646414416,0.03772823375203757,0.4112191605513324,0.04994719967910504,0.0234361930342516
215,782,best seller,other,Positive,Positive,Neutral,1,0,0.025631994266475874,0.028920008439421278,0.031025458349004685,0.6670255958873512,0.9433425473845194,0.3040543956732275
216,892,used really good online shopping competitive price reliable shipping service can not choose shipping method aliexpress using speed speed scam done tax number nor registration number australia no physical address no contact information zero customer support good luck receiving package shopped since 2015 going stop remove unreliable courier company,delivery_shipping,Negative,Negative,Negative,1,1,0.913388626825822,0.7105299830436707,0.036801234008869484,0.2037002295255661,0.049810139165308756,0.08576978743076324
217,18,funny discount removed soon need pay,pricing_discount,Positive,Positive,Neutral,1,0,0.029182429498594734,0.26453849058197354,0.030770506527630366,0.48197342294216955,0.940047063973775,0.2534880864758569
218,126,hi problem app live updated also uninstall reinstalled wont let free gift say keep saying doe n't support viewing local supermarket item please update app latest version done please sort,app_usability,Positive,Negative,Negative,0,0,0.6465407746112439,0.7551001533676794,0.1779586864404795,0.22945443153280312,0.1755005389482766,0.015445415099517442
219,925,not shop 3 99 cent scam make pay original price item done shop instead giving money back gave bonus spend aliexpress ghetto,pricing_discount,Positive,Positive,Negative,1,0,0.036350000629241166,0.8033184334326682,0.014728931184731621,0.1823478324120135,0.9489210681860274,0.014333734155318382
220,709,good app cheap affordable suggested u reduce shipping fee would buy good 300 shipping fee 2000 plus something,delivery_shipping,Positive,Positive,Positive,1,1,0.12704182349478924,0.005063030585849811,0.05652705463605969,0.05614854826693153,0.8164311218691513,0.9387884211472186
221,387,scam gave price item added cart cart cost several time also shipping expensive said waited certain number hour they promised price came back got even expensive shipping also say get free item choose tell also need buy one expensive item earn free item make confirm exiting multiple time,delivery_shipping,Negative,Negative,Negative,1,1,0.5839537026853815,0.5802151007966332,0.10028300816798864,0.3888467877272277,0.3157632891466298,0.030938111476139063
222,587,done know done use done use,other,Neutral,Neutral,Neutral,1,1,0.06606657495767682,0.07575546837217408,0.8818099585952486,0.8226936336950417,0.052123466447074884,0.1015508979327843
223,479,reading one star becausenwhen ordered something expensiveand telling haven ordered anything live waiting long time,other,Neutral,Neutral,Neutral,1,1,0.0722864435821282,0.42765369692702815,0.8856969395264777,0.5194553694169568,0.04201661689139433,0.05289093365601499
224,789,awesome,other,Neutral,Neutral,Positive,1,0,0.05355821389598473,0.009613902505170548,0.8889021866204998,0.09777734426991806,0.0575395994835154,0.8926087532249114
225,514,السعر مرتفع جدا,other,Neutral,Neutral,Neutral,1,1,0.22734386227657022,0.14193322091351873,0.6020447142338726,0.7837296678049389,0.17061142348955718,0.0743371112815423
226,398,trick annoyingly email link done open app immediately choice stay screen 2 millisecond,app_usability,Positive,Positive,Negative,1,0,0.03651116955990759,0.7823865130940639,0.02024372581487329,0.2026248655401815,0.9432451046252192,0.014988621365754603
227,381,got scammed r4000 two packagesaliexpress investigator helped supplier scam 4k delay matter screenshot evidence supplied promote supplier scamming people extra money ordering live reported supplier nothing done supplier still continues scamming people carefully app rather u alabama safety customer,app_usability,Neutral,Negative,Negative,0,0,0.7873102588991666,0.9143575555521752,0.12853213269338767,0.08205855750512678,0.08415760840744585,0.0035838869426979983
228,333,price item great shipping south africa expensive item,delivery_shipping,Positive,Positive,Positive,1,1,0.036944196659246344,0.020393556781606176,0.023028929382794515,0.176003835529239,0.9400268739579595,0.8036026076891548
229,161,consistently got pop saying error order could not completed contacting customer service not help kept getting sent circle,app_usability,Negative,Negative,Negative,1,1,0.9125988239532253,0.8330668273051591,0.054281342919165164,0.16120733440821866,0.03311983312760933,0.0057258382866221536
230,573,شركة حراميه قمت بطلب منتج وظهر ان به خلل لا يعمل وعندما طالبت بأرجاعه قالو انهم لا يستطيعون الارجاع ويجب ان اذهب لشركه مختصه بالشحن وارسل لهم الطرد مغلف ثم يتم فحصه الى اخره مع العلم طلب الارجاع تم في نفس يوم الاستلام,other,Neutral,Neutral,Neutral,1,1,0.22734386227657022,0.19226716029046861,0.6020447142338726,0.7413078380828834,0.17061142348955718,0.06642500162664797
231,310,cancelled order no refund,refund_return,Negative,Negative,Negative,1,1,0.9039899315952323,0.8169441557913486,0.05079143326467371,0.17782904936417768,0.04521863514009409,0.005226794844473687
232,801,app since last update reboots cant use tried uninstalling cleaning everything happens,app_usability,Neutral,Neutral,Negative,1,0,0.06997628733523635,0.8545573898082385,0.8826553630340692,0.13976198350223443,0.047368349630694404,0.005680626689527115
233,521,scammer,other,Neutral,Neutral,Negative,1,0,0.07362135336915307,0.5170078277587891,0.8978495878804997,0.4248473346233368,0.028529058750347024,0.058144837617874146
234,781,way confusing navigate cart price changing listed item,pricing_discount,Negative,Negative,Negative,1,1,0.345045762330177,0.6589242706296117,0.30647964901727404,0.3284339553025506,0.34847458865254893,0.012641774067837728
235,274,lie many price,pricing_discount,Negative,Negative,Neutral,1,0,0.785655315049401,0.46992789823696207,0.05540409940757791,0.5087429786335123,0.15894058554302093,0.021329123129525722
236,61,really good app product come good shape affordable price,pricing_discount,Positive,Positive,Positive,1,1,0.03649112145495935,0.004138752215611093,0.020593361977445563,0.011883902901896691,0.9429155165675952,0.9839773448824922
237,754,never know happen click something,other,Neutral,Neutral,Neutral,1,1,0.4375429130074655,0.13022068905342246,0.4540906551958774,0.8217417138586726,0.10836643179665739,0.048037597087904976
238,102,great app love,app_usability,Positive,Positive,Positive,1,1,0.0262880823272733,0.002942224654259303,0.008256345314924463,0.007259613177660785,0.9654555723578023,0.9897981621680799
239,706,product arrived within timescale described good condition,other,Positive,Positive,Positive,1,1,0.022448026389485856,0.005962823026969374,0.030567622046200008,0.18139389081273927,0.9469843515643142,0.8126432861602914
240,557,great,other,Positive,Positive,Positive,1,1,0.006048109398600495,0.05019698254617316,0.01136030652696288,0.24211725412221807,0.9825915840744368,0.7076857633316087
241,824,good,other,Positive,Positive,Positive,1,1,0.0011544824708868686,0.04298943509569423,0.028557515960776866,0.22717037035326162,0.9702880015683363,0.7298401945510441
242,726,careful buy anything fragile aliexpress possible open item presence courier agent confirm intact aliexpress blame broken item,delivery_shipping,Negative,Negative,Negative,1,1,0.9048090001833267,0.5411490514420356,0.04746576916244988,0.4367446257529471,0.04772523065422355,0.022106322805017245
243,107,horrible app customer service,app_usability,Negative,Negative,Negative,1,1,0.9040105314553333,0.9698822091962457,0.05147492272715429,0.026948262533092418,0.044514545817512796,0.0031695282706619182
244,800,aliexpress nice place get thing good price america can not compete,pricing_discount,Positive,Positive,Positive,1,1,0.031935648197745574,0.018498237105942245,0.029878291143623982,0.05479219045531075,0.9381860606586304,0.926709572438747
245,971,loop around senselessly peddling 83 cent order 90 get coin discount done exist satisfied shipping customer service product ordered exactly described many fake discount notification,delivery_shipping,Neutral,Neutral,Neutral,1,1,0.0746316637591546,0.44365040459447513,0.894107086815487,0.45356992900900384,0.03126124942535833,0.10277966639652103
246,370,thing keep hiding add cart button done want 10 individual transaction im looking small adapter want add cart continue browsing comparing like app actively discouraging shopping,app_usability,Negative,Negative,Negative,1,1,0.46831365466394936,0.6858684803844511,0.3537823498334261,0.2971293794249769,0.17790399550262467,0.01700214019057193
247,836,first order got delivered fast 1012 day im waiting 20 day order order arrives region 6 day wait another 13 day without moving item wait order arrive deliver together save money,delivery_shipping,Negative,Negative,Positive,1,0,0.5088549825867216,0.029954472299162396,0.35179977252175904,0.47514441226518217,0.13934524489151942,0.49490111543565546
248,730,horrible experience verify say sent email nothing come email,ads_promotions,Negative,Negative,Negative,1,1,0.9039800860818955,0.9213904695520622,0.0509982609622012,0.0713884678138957,0.045021652955903366,0.007221062634042172
249,470,linked x account one twitteraliexpress email signing can not change setting not get notification sent real email,ads_promotions,Negative,Negative,Neutral,1,0,0.9050654039615323,0.3855289712721151,0.053475302917297685,0.5940472782389755,0.04145929312117009,0.020423750488909452
250,211,ali great app almost anything need item purchased exactly asked wanted last longtime,app_usability,Positive,Positive,Positive,1,1,0.02990356744399562,0.0027281679772024003,0.030629821150138653,0.024586177003472945,0.9394666114058656,0.9726856550193247
251,277,downloaded ad said three item 099 done see three item 099 say false advertisement,ads_promotions,Negative,Negative,Negative,1,1,0.9078602101661477,0.6375832110080685,0.05474728418068991,0.3498049459840391,0.03739250565316224,0.01261184300789244
252,307,slow shipping,delivery_shipping,Neutral,Neutral,Negative,1,0,0.07368929928308793,0.7197517243203417,0.8977041948619935,0.2626095228285308,0.02860650585491864,0.017638752851127443
253,671,iii question app entirely fast fashion product,app_usability,Neutral,Neutral,Neutral,1,1,0.06472979848167387,0.1017091447280264,0.8820638556502964,0.8443145377642586,0.05320634586802986,0.053976317507714984
254,520,price place still go place get surprisingly quality good give shot also talk directly seller question answer quickly not robot 99 time sceptical app,product_quality,Positive,Positive,Positive,1,1,0.03661188782054928,0.025339917103645714,0.01800450271620346,0.18468513145104443,0.9453836094632472,0.7899749514453098
255,979,cheater showing lower price push download app download show error offer finish cheap app cheap administration,pricing_discount,Negative,Negative,Negative,1,1,0.9080200773069586,0.5201744800728046,0.04250150158576042,0.44350732370433255,0.04947842110728111,0.03631819622286277
256,463,good,other,Positive,Positive,Positive,1,1,0.0011544824708868686,0.042989433173916874,0.028557515960776866,0.22717040490143559,0.9702880015683363,0.7298401619246475
257,441,not receive potable dryer tracking number scanned po not sent address p stated package another address gave address l cant understand happen no dryer no refund l not deal company company bought potable dryer really needed dryer,delivery_shipping,Negative,Negative,Negative,1,1,0.9042919407119574,0.885426587322713,0.052194220347091376,0.10940326093089736,0.04351383894095133,0.005170151746389654
258,725,customer support garbage time wasting human give robotic response done directly address issue no respect customer time effort senior rep done address problem copy paste script edit response aliexpress reply think came experience complain terrible customer service robotic reply done address actual concern response refer customer service,customer_service,Negative,Negative,Negative,1,1,0.9058069968133214,0.9473016590690118,0.045636579359793074,0.04948435522922522,0.04855642382688563,0.003213985701763041
259,985,fast cheap,pricing_discount,Positive,Neutral,Neutral,0,0,0.2975495776840053,0.03993453622205739,0.49401609210811137,0.607096878814115,0.2084343302078833,0.3529685849638276
260,67,not buy shop doe n't allow use real name customer service even email ai go circle done want buy fine that,customer_service,Negative,Negative,Negative,1,1,0.9041643757039717,0.7369450200330881,0.05200484786240256,0.2480102435572123,0.043830776433625776,0.015044736409699552
261,431,,other,Neutral,Neutral,Neutral,1,1,0.06795282323181685,0.23896133609404147,0.8819264569256695,0.39950588349209104,0.05012071984251367,0.3615327804138675
262,962,aliexpresss customer service worst act like done understand problem give poor solution unrelated issue close case washing hand no possibility appeal decision apologize move bad experience,customer_service,Negative,Negative,Negative,1,1,0.9055447884651541,0.9612741694150998,0.046040492230034466,0.03603895465002755,0.04841471930481172,0.0026868759348726815
263,889,terrible absolutely terrible customer service either nonexistent incompetent price high compared similar platform delivery slow not much china take ship european country example package shipped yet arrive france two week product quality always poor doe n't match description store page advise app,delivery_shipping,Negative,Negative,Negative,1,1,0.8177201608815545,0.9600375165040195,0.1289664900478097,0.035875860117189615,0.053313349070635854,0.004086623378790879
264,43,wish could give minus package stolen even police report could n't get refund,delivery_shipping,Negative,Negative,Negative,1,1,0.9109201477722494,0.6442004454214134,0.0551276362405162,0.3373754030789722,0.03395221598723425,0.0184241514996144
265,510,many popups,other,Negative,Negative,Neutral,1,0,0.9041472205965049,0.029712452377660112,0.04951059295802071,0.8613763726734976,0.046342186445474366,0.10891117494884227
266,238,bundle discount not showing glitch month click bundle section show price item normal price not bundle discount price use desktop website want bundle discounted price annoying please fix,pricing_discount,Negative,Negative,Negative,1,1,0.9070716973252194,0.7760086453256737,0.043740524142307835,0.2066842859730497,0.04918777853247296,0.017307068701276625
267,903,great,other,Positive,Positive,Positive,1,1,0.006048109398600495,0.05019698125186113,0.01136030652696288,0.24211728074882213,0.9825915840744368,0.7076857379993168
268,58,good app im not going lie found garbage item could explode easily,app_usability,Positive,Negative,Positive,0,1,0.5988974696286985,0.3242948055267334,0.1733433852182449,0.25670331716537476,0.22775914515305704,0.41900187730789185
269,679,take money account place order pay 3 99 cent shipping fee tax total came 222 got 222 taken account night woke checked account ended taking 1480 hassle get order cancelled cancelled 2 item still not wanting cancel 3rd item,delivery_shipping,Negative,Negative,Negative,1,1,0.9173823930740613,0.5531494638068581,0.0331983190266543,0.4309647397360382,0.049419287899284355,0.015885796457103626
270,467,bad update searching something checking product go back take home page even use arrow go back thing happens take home screen please fix issue wasting time,app_usability,Negative,Negative,Negative,1,1,0.4868023044049372,0.9019570850091926,0.2562625986703737,0.09127646586887599,0.2569350969246889,0.0067664491219314145
271,551,awful experience cant purchase anything sends loop signing never able finish order uninstall ed minute,other,Negative,Negative,Negative,1,1,0.9040985380603546,0.9621601297241555,0.05169382672337462,0.03486556100488582,0.04420763521627085,0.002974309270958617
272,738,die night mode,other,Neutral,Neutral,Neutral,1,1,0.05879602703898529,0.12804863965366364,0.8848400798426183,0.7323291679522643,0.05636389311839656,0.13962219239407203
273,755,want refund back since december,refund_return,Negative,Negative,Neutral,1,0,0.9161452906213026,0.051835948669759505,0.05512748328101636,0.8385975673272299,0.028727226097681132,0.10956648400301054
274,273,happy customer security make keep repeating blessed people love nigeria,other,Positive,Positive,Positive,1,1,0.02876538359565919,0.0018742886384363342,0.030863283762981027,0.007684996726901192,0.9403713326413599,0.9904407146346624
275,122,cupăraț cu încredere profusely sun de capitate îsaltă ș chair sun forte june indifferent de fatal că sun produce în china nu abut niciodată problem cu cupărăturtle ba chair print niște operate forte avantajoase la produce de la brandi popular,other,Neutral,Neutral,Neutral,1,1,0.07192580187851175,0.05437913022691789,0.8848522633850548,0.8968947295909259,0.04322193473643333,0.04872614018215619
276,419,5 free return month unopened denied return buyer beware reached multiple time customer service not aware caught lying return process decided give escalate issue,refund_return,Negative,Negative,Negative,1,1,0.9113322599915046,0.8487638274615809,0.05502799129843562,0.145820424639715,0.033639748710059786,0.00541574789870413
277,204,interesting app outperformed among alternative,app_usability,Positive,Negative,Positive,0,1,0.7131347991415734,0.01052779543560248,0.024887904435851444,0.3092956319839567,0.26197729642257517,0.6801765725804408
278,91,na strong z punktami pokazują się lose uniżki którich nice da się ziskać mono utrudnia zappy edit okaył się że procentowa uniżka book product uwzględina też upon uniżkory nice talk punk naval unaż że nice powinno take ć bo jest iona punk book uniżki,other,Neutral,Neutral,Positive,1,0,0.06546282322663852,0.006242940883667713,0.8819225355628475,0.1210522901217933,0.05261464121051393,0.872704768994539
279,826,cant log see account anymore forcing sign google,other,Neutral,Neutral,Negative,1,0,0.3204400966294664,0.7316714368495689,0.5783848500838321,0.262179279671867,0.10117505328670155,0.006149283478564098
280,128,far always receive delivery earlier stated never problem,delivery_shipping,Positive,Positive,Positive,1,1,0.03326374837957145,0.024152447905993225,0.02905422598166934,0.3473694551343769,0.9376820256387591,0.6284780969596299
281,65,hesitant start trusted gut aliexpress scam wait ever get product robbed not giving way ordered complain put provide solid proof say still not enough proof lost money scam reporting play store well,scam_trust,Negative,Negative,Negative,1,1,0.9089739996608176,0.9270150415748669,0.05496211483881468,0.06832707797932429,0.03606388550036765,0.004657880445808784
282,237,ill stick stein shopping site headache deal,pricing_discount,Neutral,Neutral,Neutral,1,1,0.061958902452396374,0.1639295877490039,0.883020751187437,0.7708651114577469,0.055020346360166464,0.0652053007932492
283,785,work really well meant notification become bit much everything changed setting downside im finding many thing low,ads_promotions,Positive,Positive,Neutral,1,0,0.03660388273484825,0.16532782212876743,0.01724682074765066,0.4731484792574787,0.9461492965175009,0.3615236986137539
284,335,horrible app multiple item cart suddenly cart emptied search fill cart made purchase alerted order partially paid card charged 2 time everything no customer service number multiple order coming anyone help get phone number,app_usability,Negative,Negative,Negative,1,1,0.9070031832008225,0.9078547447255956,0.05452546472851064,0.08608567233649982,0.03847135207066734,0.006059582937904656
285,546,much tax pakistan,pricing_discount,Negative,Negative,Neutral,1,0,0.9132640646749509,0.1656683286626143,0.036875423059535894,0.7408926045362589,0.04986051226551314,0.09343906680112679
286,876,useful,other,Positive,Positive,Neutral,1,0,0.02691808371930885,0.42264560494788894,0.031051244826721877,0.5269535858475206,0.942030671453969,0.05040080920459046
287,638,got lot thing money,other,Positive,Positive,Neutral,1,0,0.025935373894183662,0.0799515292066511,0.03102643302198054,0.7017411328203554,0.9430381930838354,0.21830733797299348
288,440,purchased package found delivery guy speed x know never going receive package purchased 15 day customer service not helped,delivery_shipping,Neutral,Negative,Negative,0,0,0.6419396356227972,0.8577260478869441,0.23439730897507263,0.13371510965590963,0.12366305540213006,0.008558842457146339
289,455,bad customer service no problem solution ordered temp already received platform allows scam seller,customer_service,Negative,Negative,Negative,1,1,0.9201499756134094,0.9459853729545836,0.03266018830002385,0.05103404375529221,0.04718983608656678,0.0029805832901242126
290,116,nightmare deal placed order saw shipped colorado tried track said didst order even though confirmed paypal first email got back said found order able track want contact customer service tell order doe n't exist account use different one ever one account wont give refund,refund_return,Negative,Negative,Neutral,1,0,0.7810093071982188,0.4196789846063417,0.14746535283753903,0.5351328451087441,0.07152533996424221,0.0451881702849142
291,488,paid item next day telling owe not happy ill go back temp done double charge account,pricing_discount,Negative,Negative,Negative,1,1,0.5628704598883145,0.8023716628021376,0.2236186484500171,0.18790480074499247,0.21351089166166817,0.009723536452870002
292,603,although app bloated collecting point etc there plenty choice delivery relatively quick plenty notification update big problem either done receive item incorrect item ordered simply faulty problem begin even sending plenty photo comprehensive description video aliexpress usually side seller problem int resolved ordering aliexpress last resort,delivery_shipping,Negative,Negative,Negative,1,1,0.9043392553935454,0.6258810968433688,0.04864567049361985,0.32555763024843737,0.04701507411283478,0.04856127290819383
293,632,terrible service misdeliver package tell pound sand talk courier purchase store told talk shipper hire make sure go credit card still get money back better yet done buy app developer response edit think talked customer service told contact courier would not help not even appeal kept denied courier misdelivered,delivery_shipping,Negative,Negative,Negative,1,1,0.9142429905629781,0.8634565504769107,0.03655121226200807,0.12472405331106504,0.04920579717501386,0.011819396212024227
294,353,ad lie can not get 3 thing 99 free shipping try reloads say cant partake deal new user literally made account okay,delivery_shipping,Positive,Negative,Negative,0,0,0.4762497018915333,0.8392528680527327,0.13415696261821133,0.15107138075034388,0.3895933354902553,0.009675751196923403
295,697,app wont show category right automotive show stuff not handy your looking tool,app_usability,Neutral,Neutral,Negative,1,0,0.07495970977112906,0.682763227781919,0.8924765540914665,0.29865783842393173,0.032563736137404424,0.018578933794149266
296,315,love shopping best,other,Positive,Positive,Positive,1,1,0.007693719598347922,0.0025840081065124447,0.019310765720838174,0.009521935474510124,0.9729955146808138,0.9878940564189774
297,882,scam pay product buy mention clearly free delivery come door ask 13 and pay coz no choice easy say refund not trust u scam company like u not happy,delivery_shipping,Negative,Negative,Negative,1,1,0.9292797418294813,0.8990453550220864,0.023148344964368905,0.09022398508702306,0.047571913206150084,0.01073065989089052
298,261,ok,other,Positive,Positive,Neutral,1,0,0.026907524380348304,0.09439381001009471,0.031033945253512975,0.5670523516747575,0.9420585303661386,0.3385538383151478
299,165,app crash search,app_usability,Neutral,Neutral,Negative,1,0,0.07219820121564188,0.6175108082455003,0.885555553008908,0.35931304833375577,0.042246245775450005,0.0231761434207439
300,409,stop sending demand please,other,Neutral,Neutral,Negative,1,0,0.07479708866134264,0.84702611324528,0.8929789692852551,0.1458357280644223,0.032223942053402135,0.00713815869029771
301,919,excellent shopping experience facing issue app nowadays picture product not loading app updated latest version checked different wifi connection cellular 4g internet problem still please look issue,app_usability,Positive,Positive,Negative,1,0,0.03665548048227876,0.6994773924662236,0.02422729903789726,0.25729556338217474,0.9391172204798244,0.04322704415160154
302,86,advertising one thing sending another still waiting customer service get back order,customer_service,Neutral,Neutral,Neutral,1,1,0.07327494918618438,0.3074006518416277,0.892268077654912,0.6437153984085016,0.03445697315890341,0.04888394974987078
303,584,excellent,other,Positive,Positive,Positive,1,1,0.02690947751064238,0.006653602216429257,0.031052296414301878,0.04069889325453278,0.9420382260750562,0.952647504529038
304,422,aliexpress allows seller sell non functional product done match item description platform wary,other,Negative,Negative,Negative,1,1,0.9047768258313197,0.6478892474264477,0.047520838123704175,0.34220799325674783,0.04770233604497597,0.009902759316804456
305,346,coin useless u collect coin use viewed able use everything,other,Neutral,Neutral,Negative,1,0,0.45025851071595047,0.5333844800769192,0.42899856836257205,0.43121193072448954,0.12074292092147748,0.03540358919859126
306,626,didst give package,delivery_shipping,Neutral,Neutral,Neutral,1,1,0.07279126025914975,0.04731935899626607,0.8874328003010584,0.8638418799550391,0.03977593943979186,0.08883876104869476
307,51,never got stuff lied mailing source done trust lost money temp better,scam_trust,Negative,Negative,Negative,1,1,0.9046164857431542,0.7867706708603084,0.0479066279981273,0.20302347146518532,0.047476886258718536,0.010205857674506286
308,768,la pruebas de 1 no function for ma que te alias para ma de 100 product james te elite no dispose de darkmode en today la section casa la vista,other,Negative,Negative,Neutral,1,0,0.912913351487915,0.034263501657651685,0.053500738373433006,0.8749675457376692,0.03358591013865192,0.09076895260467911
309,259,discount coin page no longer work,pricing_discount,Negative,Negative,Negative,1,1,0.9065107196425958,0.5407093939602643,0.05429952646669844,0.44609622621291123,0.039189753890706,0.013194379826824455
310,742,one game told not receiving prize not available region,other,Negative,Negative,Negative,1,1,0.9142482601293829,0.6321285927735534,0.05431052950153022,0.3544173518880232,0.03144121036908693,0.01345405533842339
311,886,never shopped blocked using tried process unblock say passed time given app unworkable uninstalled,app_usability,Negative,Negative,Negative,1,1,0.9108607809383538,0.4971392759999992,0.05508136317530904,0.4809466311353196,0.03405785588633731,0.021914092864681208
312,899,ˡᵒᵒᵏˢ ᵍᵒᵒᵈ ᵃⁿᵈ ᶠᵃⁿᶜʸ,other,Neutral,Neutral,Neutral,1,1,0.22734386227657022,0.09730661205371058,0.6020447142338726,0.7734667889316913,0.17061142348955718,0.1292265990145981
313,912,horrible app full scammer customer service not help customer ever stay away used good horrible,app_usability,Negative,Negative,Negative,1,1,0.9079987392136658,0.972241320110064,0.042572933358293256,0.024359240577824803,0.049428327428040944,0.0033994393121112108
314,957,greatest app ever,app_usability,Positive,Positive,Positive,1,1,0.03600353399153063,0.003519688644417009,0.025873181036481355,0.008872320652424676,0.9381232849719879,0.9876079907031583
315,507,cant believe shipping price one item wanted 10800 shipping test ridiculous coming some place temp free shipping could get item temp would done stock never purchasing anything age,delivery_shipping,Negative,Negative,Negative,1,1,0.911392542359965,0.8135126819079607,0.03879331115300827,0.1674720967209267,0.049814146487026735,0.01901522137111266
316,917,country kenya int category,other,Neutral,Neutral,Neutral,1,1,0.07152155714141797,0.015731262336136073,0.884351592483675,0.9564423739247466,0.04412685037490724,0.027826363739117305
317,408,issue issue item not delivered no refund possibility get adequate response customer service pretend side deny evidence regarding order not received sad see customer service going downhill,refund_return,Negative,Negative,Negative,1,1,0.9097396111466804,0.9266483118634796,0.0477898352913768,0.06943492539648022,0.04247055356194289,0.003916762740040103
318,227,great shopping experience,other,Positive,Positive,Positive,1,1,0.031117976538823193,0.0029294373236908072,0.0302161271206776,0.009214671695537134,0.9386658963404995,0.9878558909807721
319,757,much katy perry thing,other,Positive,Positive,Neutral,1,0,0.0365966140761975,0.02836020695075624,0.019738786833946125,0.8328433725928147,0.9436645990898566,0.13879642045642906
320,881,doe n't work,other,Neutral,Neutral,Neutral,1,1,0.04447114228115188,0.40797194838523865,0.8983999482371763,0.5387135148048401,0.05712890948167182,0.053314536809921265
321,434,scammer,other,Neutral,Neutral,Negative,1,0,0.07362135336915307,0.5170078277587891,0.8978495878804997,0.4248473346233368,0.028529058750347024,0.058144837617874146
322,684,bad support experience told there shipping hazardous volatile carcinogen agent labeled shop shipped like regular good without user notice via regular shipping line aliexpress thin packaging english iq poor done even understand two two case contact issue shipping chemical end user like agent even aware necessary safety protocol,delivery_shipping,Negative,Negative,Negative,1,1,0.911840638226098,0.904995738195727,0.03825884601738282,0.08955999451285229,0.04990051575651911,0.0054442672914206975
323,357,lot better temp apps definitely recommend apps deserves lot star rating,other,Positive,Positive,Positive,1,1,0.02903457845480692,0.0027404543012133037,0.030800649672961963,0.0195914127723439,0.9401647718722314,0.9776681329264428
324,286,ur getting ripped aliexpress,other,Neutral,Neutral,Negative,1,0,0.0665593915927413,0.5582518976055345,0.8817750290594945,0.41338111487358586,0.051665579347764154,0.028366987520879575
325,15,ad said pick 3 free item picked said would cost 800 receive freebase advertising,pricing_discount,Positive,Positive,Neutral,1,0,0.030482921825901604,0.015401842042875088,0.030440608367945377,0.879282062023973,0.9390764698061529,0.10531609593315197
326,186,great app great product,app_usability,Positive,Positive,Positive,1,1,0.009518398840521625,0.0029095792149163562,0.010472226186674436,0.005568063141989624,0.980009374972804,0.991522357643094
327,456,since 2026 return good value u 10 sent wrong aliexpress pay return shipping price raise of asked support always support either ai moran get brain escalation team send standard answer switch buggy thu lower price blocked playing game needed worldtour game 85 completion progress lost 20 escalated support ticket later 0 progress,delivery_shipping,Negative,Negative,Negative,1,1,0.9046286881453848,0.6191626191139221,0.04797905119363421,0.3335208594799042,0.04739226066098089,0.047316521406173706
328,201,scam people say get controller low price every controller see expensive price honestly never buy every,pricing_discount,Negative,Negative,Negative,1,1,0.9039766904986595,0.756478793938243,0.05064247660089029,0.2198184428116635,0.045380832900450245,0.023702763250093458
329,939,all done,other,Neutral,Neutral,Neutral,1,1,0.06821634730540556,0.06268846477152648,0.8819932010927926,0.675641323463668,0.049790451601801976,0.2616702117648055
330,98,,other,Neutral,Neutral,Neutral,1,1,0.06795282323181685,0.23896132765652728,0.8819264569256695,0.39950588940837817,0.05012071984251367,0.36153278293509455
331,528,scam website done receive product done replace refund even say everywhere website lost almost hundred euro support say git god sad bye bye edit support said low u mad,refund_return,Negative,Negative,Negative,1,1,0.9049670204146661,0.9611165449682516,0.05325056789770885,0.035866513572727576,0.04178241168762492,0.0030169414590208166
332,281,good site app enormous number product choose one best delivery update system seen better amazon know package time product review questionable able review product receive would also question lot review not linked product example ordered bike tube used 4 month failed due design fault not able provide feedback,delivery_shipping,Neutral,Neutral,Positive,1,0,0.044058014584446296,0.1553540872142937,0.898813151185169,0.3347388903718856,0.05712883423038485,0.5099070224138207
333,63,ordered charger waited 10 day arrived county order unsucesfull,other,Neutral,Neutral,Negative,1,0,0.06841419959171209,0.7436703179927312,0.8820220810407554,0.2419577349107445,0.049563719367532164,0.014371947096524259
334,567,there many bug app atm scroll thru feed click item not super slow show completely different item throw algorithm feed continues shoe item agent interest haven even able place first order get benefit welcome deal give looking frustration,pricing_discount,Positive,Negative,Negative,0,0,0.7321509591400496,0.7588367476292639,0.19969557364537174,0.2244740728744754,0.06815346721457893,0.016689179496260694
335,635,showed 6 lamp bundle one arrived remote not work,other,Neutral,Neutral,Neutral,1,1,0.41106840298835845,0.30300848321578727,0.3915971612471758,0.6546832626454564,0.19733443576446583,0.04230825413875636
336,245,not received product 3 month bother several time day yet can not get product act send product need,other,Negative,Negative,Negative,1,1,0.9063664160119965,0.8180907107852318,0.05415069166179855,0.1708085457939431,0.03948289232620513,0.01110074342082507
337,496,20 shipping robbery no matter much buy deceiving wont leave alone,delivery_shipping,Negative,Negative,Negative,1,1,0.6283669069136638,0.9182555713990238,0.21588052570441021,0.07762891831745405,0.15575256738192608,0.004115510283522118
338,23,brought faulty item refused credit refund unable submit video picture due site not accepting file even though format correct uninstalling mere 12,refund_return,Negative,Negative,Negative,1,1,0.5063168646909469,0.8861623309672074,0.42002480228005,0.10991859310313583,0.07365833302900321,0.003919075929656712
339,837,steal money even refund something never even received something didst make,refund_return,Negative,Negative,Negative,1,1,0.9069189811241196,0.8771283683455807,0.05449778790582532,0.11848292516556283,0.03858323097005498,0.0043887064888564606
340,311,numerous warning delayed shipping item break consistently several week month no refund item returned shipping label buyer beware aliexpress falling apart rapidly losing thousand customer full scam extremely low quality,delivery_shipping,Negative,Negative,Negative,1,1,0.793998820884018,0.9315046063330913,0.1250519218975798,0.06449840956879928,0.08094925721840221,0.0039969840981094315
341,249,changed mind ali express rock,other,Neutral,Neutral,Neutral,1,1,0.2434589242366823,0.02608369109422656,0.5083967838628048,0.9128240959957691,0.24814429190051263,0.061092212910004356
342,860,lousy substitute item select send trash instead play ignorant come refund cat toy work 34 day major disappointment app uninstalled,refund_return,Negative,Negative,Negative,1,1,0.9087914796859027,0.9704420453584515,0.054949625635866826,0.026494657312349214,0.0362588946782306,0.0030632973291992984
343,718,still haven received refund customer service abysmal,refund_return,Neutral,Neutral,Negative,1,0,0.07385335881389637,0.923922359513155,0.8972474920017598,0.07183784243099492,0.02889914918434385,0.004239798055850064
344,101,really sick constant pop ups ad let purchase peace offs unable turn constant promotional message store flood message center impossible find important message user experience could not possibly frustrating not want play stupid mobile game coin absolute masterclass userhostile hateful design,ads_promotions,Negative,Negative,Negative,1,1,0.9096607636569664,0.9689869036458992,0.040593276675104484,0.02850054690263696,0.04974595966792912,0.0025125494514637533
345,428,aliexpress started billing shipping fee product marketed free shipping product 7 euro free shipping charged 5 euro shipping delivery no pay no product charged initially would n't placed order that not business,delivery_shipping,Positive,Positive,Negative,1,0,0.03661721313715603,0.5261933285920818,0.019487331146081466,0.437101400451383,0.9438954557167625,0.0367052709565352
346,299,purchase shipped app doe n't knockabout 0 order account pitiful worst appear,app_usability,Negative,Negative,Negative,1,1,0.9046276704486147,0.9126749478543802,0.0478598962701386,0.08125171885753318,0.04751243328124692,0.006073333288086582
347,774,friendly user app easy deal,pricing_discount,Positive,Positive,Positive,1,1,0.034985515051155776,0.005362051604042455,0.02750784652387102,0.08540645345140611,0.9375066384249732,0.9092314949445515
348,561,,other,Neutral,Neutral,Neutral,1,1,0.06795282323181685,0.23896132765652728,0.8819264569256695,0.39950588940837817,0.05012071984251367,0.36153278293509455
349,185,paid 3 90p deal delivery driver put bin without notice refunded 90p cant get anything im asking get bundledeal back,delivery_shipping,Neutral,Neutral,Negative,1,0,0.07326100018010633,0.7852077846167151,0.8927219287737388,0.20652523021324784,0.03401707104615471,0.008266985170036996
350,989,make return item issued no refund,refund_return,Negative,Negative,Neutral,1,0,0.9189807107844448,0.16138002276420593,0.03919971708518158,0.7807472348213196,0.04181957213037401,0.05787274241447449
351,48,thought going like wish temp make wild claim free stuff discount buck weirdest thing happened though telling truth agent making extravagant claim like others one making honor whole family ordering long shipping time downside not even enough knock star tell advance long take,delivery_shipping,Positive,Positive,Neutral,1,0,0.036454704103533395,0.29465094977079576,0.02471791655867375,0.648470239860161,0.9388273793377931,0.056878810369043326
352,108,live enough purchasing thing item come totally different purchased not coming get refund without even let know not coming im not shopping anymore seller crook false advertising straight not good platform buy thing give one star there no less one,refund_return,Negative,Negative,Negative,1,1,0.9074002437463201,0.9179304455856431,0.04325869023712841,0.07621891228991821,0.04934106601655162,0.005850642124438708
353,224,best app ever one never disappoint,app_usability,Positive,Positive,Positive,1,1,0.11832559452935815,0.003547517050302338,0.09775091204598609,0.005316243290101388,0.7839234934246555,0.9911362396595963
354,856,always found buy shipping took around 12 day place,delivery_shipping,Neutral,Neutral,Neutral,1,1,0.06541407989544344,0.37317571113477593,0.8819479425918694,0.6019058834796881,0.05263797751268716,0.024918405385535965
355,247,favourite app plus game earn coin shop love take time learn work game coin worth mean fun one important thing pay attention review not product actual digital store seller individually give try you 'll love,app_usability,Positive,Positive,Positive,1,1,0.036750989775949434,0.0023131529364758333,0.024002455080595442,0.016599677858681036,0.9392465551434551,0.9810871692048432
356,541,totally overcrowded app much going order information can not sorted one stream data update delivery information etc often repeated cant find information matter can not turn promo spam slider go back allow product good app positively useless stick website,delivery_shipping,Negative,Negative,Negative,1,1,0.6154307992001136,0.910395430975024,0.1313383371902646,0.08318991300543528,0.25323086360962177,0.006414656019540725
357,325,trash done buy company,other,Neutral,Neutral,Negative,1,0,0.07307339359511957,0.6980287283149913,0.8893152854349357,0.2894800541381899,0.03761132096994479,0.012491217546818775
358,996,genial encarta,other,Positive,Positive,Neutral,1,0,0.026925447598604893,0.02354575840400192,0.03104864294620397,0.7308368560345253,0.942025909455191,0.24561738556147278
359,531,first would like congratulate aliexpress wonderful job nowadays shipment ghana slow compared past year would like board member address issue behalf fix problem facing hope humble request put consideration thanks,app_usability,Positive,Positive,Positive,1,1,0.03389979414956838,0.01982536364249157,0.02859934238770953,0.06404158508800856,0.937500863462722,0.9161330512694998
360,534,okay cheap thing game lead 30 day 100 day challenge win point never cash challenge irritating task like completing 10 level rush game worst longest play,pricing_discount,Neutral,Neutral,Negative,1,0,0.07035123693128817,0.7915763642284749,0.8830907486838706,0.17302612308166773,0.04655801438484111,0.03539751268985743
361,344,application joke legitimate complaint not get taken seriously given asking product paid not delivered,other,Negative,Negative,Negative,1,1,0.9056433254456167,0.8526159413749136,0.053827090244160374,0.13867185829076356,0.04052958431022288,0.008712200334322821
362,914,app failing platform supplier dishonest chinese company favored dispute got scammed 10k alabama guarantee useless,app_usability,Negative,Negative,Negative,1,1,0.903937398832905,0.9474201796233142,0.050302117015571156,0.049598462868109705,0.045760484151524096,0.002981357508576159
363,530,nice update filter not working specially free shipping option not accurate shipping expensive,delivery_shipping,Neutral,Neutral,Negative,1,0,0.07210325091422569,0.9019191688957224,0.8852828301581611,0.09164158824956738,0.04261391892761304,0.006439242854710222
364,404,but cha app h,app_usability,Neutral,Neutral,Neutral,1,1,0.33988048379252217,0.03191924550918757,0.4120195846267212,0.8803257575716089,0.24809993158075652,0.08775499691920347
365,4,never shopped yet,other,Neutral,Neutral,Neutral,1,1,0.07461521026002918,0.11367586322570662,0.8941043590828692,0.8127584569002118,0.031280430657101496,0.07356567987408162
366,658,worst app ever used doe n't deliver package keep saying delivery issue not even sure give refund requested know not get delivered know address not use app plus take long package get u talk bot u issue better sticking amazon temp walmart anywhere else true rip site not use,delivery_shipping,Positive,Positive,Negative,1,0,0.03661381721837253,0.9533486708103901,0.017217264013300485,0.04278559018601218,0.9461689187683271,0.0038657390035977137
367,351,deliver,delivery_shipping,Neutral,Neutral,Neutral,1,1,0.0688210572058748,0.04416916130420133,0.8822249443079716,0.7478523822581307,0.048953998486153595,0.207978456437668
368,352,,other,Neutral,Neutral,Neutral,1,1,0.06795282323181685,0.23896132765652728,0.8819264569256695,0.39950588940837817,0.05012071984251367,0.36153278293509455
369,118,bad customer service,customer_service,Negative,Negative,Negative,1,1,0.9092554304142177,0.9045535477641633,0.054941090236890575,0.08679212030233645,0.03580347934889196,0.008654331933500221
370,402,live make account ever since download april not working every single time always slow tell account locked regain access every email havethis worst app ever done even write viewsbut worst app,app_usability,Negative,Negative,Negative,1,1,0.9109989651298082,0.9636197827542309,0.039117467957210904,0.03318967346356935,0.04988356691298084,0.003190543782199793
371,469,great far,other,Positive,Positive,Positive,1,1,0.027756886072438154,0.007289595847654373,0.030989937947638598,0.025611400413428242,0.9412531759799233,0.9670990037389173
372,349,late delivery,delivery_shipping,Negative,Negative,Neutral,1,0,0.9040805534159716,0.17083654062206358,0.04959290416171223,0.7817154643195192,0.04632654242231616,0.04744799505841725
373,559,tell u optional,other,Positive,Positive,Neutral,1,0,0.029234072136593015,0.09824888627787426,0.03077207219660115,0.7980976879171511,0.9399938556668058,0.10365342580497472
374,124,worst company ever see court,other,Negative,Neutral,Negative,0,1,0.4629598196366612,0.9680186957378792,0.3202294464193535,0.028833202574636934,0.21681073394398503,0.0031481016874837895
375,953,good cool stuff ship soon slowly time done ship come expected delivery date order get cancelled cause haven shipped useless app,delivery_shipping,Positive,Negative,Positive,0,1,0.6055181684548989,0.16515411190458965,0.18497666430828302,0.21846371563578076,0.20950516723681797,0.6163821724596296
376,907,good apps,other,Neutral,Neutral,Positive,1,0,0.03904790665256285,0.014145873381600726,0.9051949303311075,0.19826654942135102,0.055757163016329485,0.7875875771970482
377,687,love app especially like online aesthetic great trinket accessory bigger go quality scale buy press nail shoe hair clip etc get pay due diligence get good stuff thing live bought year ago still use day no issue buy thing hard break regardless quality eg desk mat enamel pin trade price speed tho delivery u 24 week,delivery_shipping,Positive,Positive,Positive,1,1,0.06276322901731433,0.0028967005429993893,0.03367718199293643,0.013953703566087857,0.9035595889897493,0.9831495958909128
378,88,prefer website app buggy doe n't offer much,app_usability,Negative,Negative,Neutral,1,0,0.9048798684727262,0.4741637163702069,0.047340864818706925,0.4789480918528299,0.04777926670856692,0.04688819177696323
379,361,scammer heaven not use get scammed 99 vendor scammer,other,Negative,Negative,Negative,1,1,0.9023708868284057,0.9297794768942853,0.06917473437223338,0.06525792230112792,0.028454378799360913,0.004962600804586714
380,448,ultimate transparency speaker live seller knowing exactly money go paramount small b2b refreshing hopefully tariff reduction human living planet earthman wish actually make money,other,Positive,Positive,Positive,1,1,0.02986319932767044,0.017927363782038745,0.030630908721480932,0.2862796528083034,0.9395058919508483,0.6957929834096578
381,17,למה זה לא מוריד לי ניסיתי אד 24 שאות אפילו יתמול,other,Neutral,Neutral,Neutral,1,1,0.06797280794521528,0.2274562413497124,0.881902765273366,0.7245532137058848,0.05012442678141887,0.047990544944402816
382,610,use aliexpress cheap item prepared write case 10 order addressed correctly arrived2 got stuck week 7 got dumped nearby no 11 arrived airport jan 31 want handed custom 17 day custom cleared 11 hr 7 day later without even bother arrange last mile local courier recipient contactable aliexpress want contact courier china chinese website no endconsumer support,delivery_shipping,Negative,Negative,Neutral,1,0,0.9050555968002542,0.1796263293949788,0.046940641932966716,0.7224652117307095,0.04800376126677936,0.0979084588743116
383,5,buy guy,other,Neutral,Neutral,Neutral,1,1,0.06486126121869278,0.06475839115319239,0.8819566933324264,0.7718441601372386,0.05318204544888063,0.1633974487095691
384,217,edit already contacted customer service countless time waste time unhelpful app getting worse every day complicated uncomfortable difficult get discount not mention annoying bug error app notably world tour go mission immediately turn loop 5 level rush hour every task lot talk cant say everything review ill give lowest review sorry,pricing_discount,Negative,Negative,Negative,1,1,0.9089796322536473,0.9377601476370502,0.05494473449998194,0.05746656493029536,0.03607563324637087,0.004773287432654512
385,495,unable add item cart option buy,other,Negative,Neutral,Neutral,0,0,0.204737836415323,0.44009900339003094,0.7498819660162221,0.5297440916099255,0.04538019756845487,0.0301569050000435
386,869,gone downhill recent year loyal customer since 2010 dispute process become overcomplicated courier used like china not reputable mark parcel delivered not respond enquiry order platform ensure seller using mile courier provide photo proof delivery edit appeal escalation end way item arrive faulty damaged good luck trying go dispute,delivery_shipping,Positive,Negative,Negative,0,0,0.5757265442595199,0.8573117618238659,0.10112848610652957,0.13421256850055252,0.3231449696339505,0.008475669675581493
387,906,fraud app ordered two time never received product not provide refund undelivered product stay away,refund_return,Negative,Negative,Negative,1,1,0.9098054614349577,0.9511611273398866,0.0550510352627531,0.04556696026744516,0.03514350330228931,0.0032719123926682973
388,269,no love apps like consistent temp fanatic upon downloading app promised free gift placing first order becoming new customer yet placed order right chose gift surprise surprise order confirmed im not eligible free gift reason total ripoff lied get sign bad experience ill stick temp,app_usability,Negative,Negative,Negative,1,1,0.9056093888879397,0.8387377608198595,0.045933168255784716,0.14576392931449625,0.048457442856275464,0.01549830986564428
389,301,u shop online fool done use aliexpress,other,Positive,Positive,Neutral,1,0,0.030578598679038275,0.26010656356811523,0.030413659902038863,0.6877915859222412,0.939007741418923,0.052101850509643555
390,929,favourite,other,Positive,Positive,Positive,1,1,0.026907730528484865,0.029640913050342107,0.031034754933700767,0.38529101626090045,0.9420575145378144,0.5850680706887574
391,144,god app,app_usability,Neutral,Negative,Neutral,0,1,0.5053264476455616,0.10359520387951132,0.2669585072060108,0.48705440396775,0.22771504514842777,0.4093503921527386
392,732,worst customer service ever,customer_service,Negative,Negative,Negative,1,1,0.9040010432700661,0.9567283858800665,0.05137062993345989,0.03801139392781517,0.044628326796474126,0.0052602201921183684
393,338,love got stuff two year ago still work that im still platform done think like temp cause not good day,other,Positive,Positive,Negative,1,0,0.03663228859556639,0.8404359565853906,0.016813135222950224,0.13000868793612558,0.9465545761814835,0.029555355478483848
394,895,ever since bought item aliexpress inbox flooded phishing email fake different domain every day leaking information seller believe spamming im not buying anymore plus use speed delivery service driver dump package side road anyways,delivery_shipping,Negative,Negative,Negative,1,1,0.709610849708377,0.9052196953562124,0.1385082566021952,0.08954436697599599,0.15188089368942814,0.005235937667791579
395,909,didst received order it already paid call address many time till done deliver order never use apps anymore big scam,delivery_shipping,Negative,Negative,Negative,1,1,0.9112585271167111,0.8917271172879216,0.05512088665176855,0.09937762774476941,0.03362058623152009,0.008895254967308988
396,720,next fake app price expensive description always incorrect searching algorithm present pear search tomato worst thing claim buyer protection item delay which not true and want contact support ask simple no option reach support heeded somewhere deeply avoid aliexpress not year ago,product_quality,Negative,Negative,Negative,1,1,0.906915553063934,0.9334665001689135,0.043928038950493936,0.06188166926910326,0.04915640798557219,0.004651830561983226
397,807,downloaded app ordered wedding dress specially checked return dress site mentioned return order free not satisfiedbut horrible experience didst like dress asked return seller bluntly said no pay return opening dispute discussing almost 3 week lost case money wasted ali express not good platform,refund_return,Negative,Negative,Negative,1,1,0.7130442639524178,0.9424243490380988,0.088584938879349,0.053493015019747306,0.19837079716823322,0.00408263594215389
398,959,yep mon reason told scam like stuck transit telling gon na take longer probably never gon na come stupid scammer,scam_trust,Negative,Negative,Negative,1,1,0.9081702738110699,0.9606454632950902,0.05473115433779881,0.036098084083126716,0.03709857185113127,0.003256452621783155
399,618,update experience aliexpress improved bit useful part need someone day project repair not ideal everyday purchase since shipping expensive overall ok,delivery_shipping,Positive,Positive,Positive,1,1,0.03505161149389712,0.10315666939084725,0.027355454949898585,0.4142631826659563,0.9375929335562043,0.4825801479431965
400,887,seller scammer lie shipping item people run app done want money spend somewhere else,delivery_shipping,Negative,Negative,Negative,1,1,0.7473556605703492,0.9063965035740466,0.14715805117885372,0.08909671708007162,0.10548628825079712,0.0045067793458818586
